-- MySQL dump 10.13  Distrib 8.0.44, for Win64 (x86_64)
--
-- Host: 127.0.0.1    Database: nutriai
-- ------------------------------------------------------
-- Server version	8.0.44

/*!40101 SET @OLD_CHARACTER_SET_CLIENT=@@CHARACTER_SET_CLIENT */;
/*!40101 SET @OLD_CHARACTER_SET_RESULTS=@@CHARACTER_SET_RESULTS */;
/*!40101 SET @OLD_COLLATION_CONNECTION=@@COLLATION_CONNECTION */;
/*!50503 SET NAMES utf8mb4 */;
/*!40103 SET @OLD_TIME_ZONE=@@TIME_ZONE */;
/*!40103 SET TIME_ZONE='+00:00' */;
/*!40014 SET @OLD_UNIQUE_CHECKS=@@UNIQUE_CHECKS, UNIQUE_CHECKS=0 */;
/*!40014 SET @OLD_FOREIGN_KEY_CHECKS=@@FOREIGN_KEY_CHECKS, FOREIGN_KEY_CHECKS=0 */;
/*!40101 SET @OLD_SQL_MODE=@@SQL_MODE, SQL_MODE='NO_AUTO_VALUE_ON_ZERO' */;
/*!40111 SET @OLD_SQL_NOTES=@@SQL_NOTES, SQL_NOTES=0 */;

--
-- Table structure for table `ai_chat_favorite`
--

DROP TABLE IF EXISTS `ai_chat_favorite`;
/*!40101 SET @saved_cs_client     = @@character_set_client */;
/*!50503 SET character_set_client = utf8mb4 */;
CREATE TABLE `ai_chat_favorite` (
  `id` bigint NOT NULL AUTO_INCREMENT COMMENT '主键ID',
  `user_id` bigint NOT NULL COMMENT '用户ID',
  `message_content` text COLLATE utf8mb4_unicode_ci NOT NULL COMMENT '收藏的消息内容',
  `message_role` varchar(20) COLLATE utf8mb4_unicode_ci NOT NULL COMMENT '消息角色：user/assistant',
  `created_at` timestamp NULL DEFAULT CURRENT_TIMESTAMP COMMENT '创建时间',
  PRIMARY KEY (`id`),
  KEY `idx_user_id` (`user_id`),
  KEY `idx_created_at` (`created_at`)
) ENGINE=InnoDB DEFAULT CHARSET=utf8mb4 COLLATE=utf8mb4_unicode_ci COMMENT='AI聊天收藏表';
/*!40101 SET character_set_client = @saved_cs_client */;

--
-- Dumping data for table `ai_chat_favorite`
--

LOCK TABLES `ai_chat_favorite` WRITE;
/*!40000 ALTER TABLE `ai_chat_favorite` DISABLE KEYS */;
/*!40000 ALTER TABLE `ai_chat_favorite` ENABLE KEYS */;
UNLOCK TABLES;

--
-- Table structure for table `ai_chat_history`
--

DROP TABLE IF EXISTS `ai_chat_history`;
/*!40101 SET @saved_cs_client     = @@character_set_client */;
/*!50503 SET character_set_client = utf8mb4 */;
CREATE TABLE `ai_chat_history` (
  `id` bigint NOT NULL AUTO_INCREMENT COMMENT '主键ID',
  `user_id` bigint NOT NULL COMMENT '用户ID',
  `title` varchar(200) COLLATE utf8mb4_unicode_ci NOT NULL COMMENT '对话标题',
  `messages` json NOT NULL COMMENT '消息列表（JSON格式）',
  `created_at` timestamp NULL DEFAULT CURRENT_TIMESTAMP COMMENT '创建时间',
  `updated_at` timestamp NULL DEFAULT CURRENT_TIMESTAMP ON UPDATE CURRENT_TIMESTAMP COMMENT '更新时间',
  PRIMARY KEY (`id`),
  KEY `idx_user_id` (`user_id`),
  KEY `idx_created_at` (`created_at`)
) ENGINE=InnoDB DEFAULT CHARSET=utf8mb4 COLLATE=utf8mb4_unicode_ci COMMENT='AI聊天历史记录表';
/*!40101 SET character_set_client = @saved_cs_client */;

--
-- Dumping data for table `ai_chat_history`
--

LOCK TABLES `ai_chat_history` WRITE;
/*!40000 ALTER TABLE `ai_chat_history` DISABLE KEYS */;
/*!40000 ALTER TABLE `ai_chat_history` ENABLE KEYS */;
UNLOCK TABLES;

--
-- Table structure for table `api_logs`
--

DROP TABLE IF EXISTS `api_logs`;
/*!40101 SET @saved_cs_client     = @@character_set_client */;
/*!50503 SET character_set_client = utf8mb4 */;
CREATE TABLE `api_logs` (
  `id` bigint NOT NULL AUTO_INCREMENT COMMENT '日志ID',
  `user_id` bigint DEFAULT NULL COMMENT '用户ID',
  `api_type` enum('tongyi','oss','image_recognition','other') COLLATE utf8mb4_unicode_ci NOT NULL COMMENT 'API类型',
  `api_name` varchar(100) COLLATE utf8mb4_unicode_ci NOT NULL COMMENT 'API名称',
  `request_data` text COLLATE utf8mb4_unicode_ci COMMENT '请求数据',
  `response_data` text COLLATE utf8mb4_unicode_ci COMMENT '响应数据',
  `tokens_used` int DEFAULT NULL COMMENT '使用tokens数',
  `cost` decimal(10,4) DEFAULT NULL COMMENT '费用（元）',
  `status_code` int DEFAULT NULL COMMENT 'HTTP状态码',
  `response_time` int DEFAULT NULL COMMENT '响应时间（ms）',
  `error_message` text COLLATE utf8mb4_unicode_ci COMMENT '错误信息',
  `created_at` datetime NOT NULL DEFAULT CURRENT_TIMESTAMP COMMENT '创建时间',
  PRIMARY KEY (`id`),
  KEY `idx_user_id` (`user_id`),
  KEY `idx_api_type` (`api_type`),
  KEY `idx_status_code` (`status_code`),
  KEY `idx_created_at` (`created_at`)
) ENGINE=InnoDB DEFAULT CHARSET=utf8mb4 COLLATE=utf8mb4_unicode_ci COMMENT='第三方API调用日志表';
/*!40101 SET character_set_client = @saved_cs_client */;

--
-- Dumping data for table `api_logs`
--

LOCK TABLES `api_logs` WRITE;
/*!40000 ALTER TABLE `api_logs` DISABLE KEYS */;
/*!40000 ALTER TABLE `api_logs` ENABLE KEYS */;
UNLOCK TABLES;

--
-- Table structure for table `chat_messages`
--

DROP TABLE IF EXISTS `chat_messages`;
/*!40101 SET @saved_cs_client     = @@character_set_client */;
/*!50503 SET character_set_client = utf8mb4 */;
CREATE TABLE `chat_messages` (
  `id` bigint NOT NULL AUTO_INCREMENT COMMENT '消息ID',
  `user_id` bigint NOT NULL COMMENT '用户ID',
  `session_id` varchar(50) COLLATE utf8mb4_unicode_ci NOT NULL COMMENT '会话ID',
  `role` enum('user','assistant','system') COLLATE utf8mb4_unicode_ci NOT NULL COMMENT '角色',
  `content` text COLLATE utf8mb4_unicode_ci NOT NULL COMMENT '消息内容',
  `tokens_used` int DEFAULT NULL COMMENT '使用tokens数',
  `model` varchar(50) COLLATE utf8mb4_unicode_ci DEFAULT NULL COMMENT '使用模型',
  `response_time` int DEFAULT NULL COMMENT '响应时间（ms）',
  `created_at` datetime NOT NULL DEFAULT CURRENT_TIMESTAMP COMMENT '创建时间',
  PRIMARY KEY (`id`),
  KEY `idx_user_session` (`user_id`,`session_id`),
  KEY `idx_role` (`role`),
  KEY `idx_created_at` (`created_at`),
  CONSTRAINT `fk_chat_user` FOREIGN KEY (`user_id`) REFERENCES `users` (`id`) ON DELETE CASCADE
) ENGINE=InnoDB DEFAULT CHARSET=utf8mb4 COLLATE=utf8mb4_unicode_ci COMMENT='AI聊天消息表';
/*!40101 SET character_set_client = @saved_cs_client */;

--
-- Dumping data for table `chat_messages`
--

LOCK TABLES `chat_messages` WRITE;
/*!40000 ALTER TABLE `chat_messages` DISABLE KEYS */;
/*!40000 ALTER TABLE `chat_messages` ENABLE KEYS */;
UNLOCK TABLES;

--
-- Table structure for table `diet_plan_history`
--

DROP TABLE IF EXISTS `diet_plan_history`;
/*!40101 SET @saved_cs_client     = @@character_set_client */;
/*!50503 SET character_set_client = utf8mb4 */;
CREATE TABLE `diet_plan_history` (
  `id` bigint NOT NULL AUTO_INCREMENT,
  `plan_id` varchar(50) NOT NULL COMMENT '计划ID',
  `user_id` bigint NOT NULL COMMENT '用户ID',
  `title` varchar(200) NOT NULL COMMENT '计划标题',
  `days` int NOT NULL COMMENT '计划天数',
  `goal` varchar(50) DEFAULT NULL COMMENT '目标',
  `markdown_content` longtext COMMENT 'Markdown内容',
  `created_at` timestamp NULL DEFAULT CURRENT_TIMESTAMP COMMENT '创建时间',
  `updated_at` timestamp NULL DEFAULT CURRENT_TIMESTAMP ON UPDATE CURRENT_TIMESTAMP COMMENT '更新时间',
  PRIMARY KEY (`id`),
  UNIQUE KEY `plan_id` (`plan_id`),
  KEY `idx_user_id` (`user_id`),
  KEY `idx_plan_id` (`plan_id`),
  KEY `idx_created_at` (`created_at`)
) ENGINE=InnoDB AUTO_INCREMENT=7 DEFAULT CHARSET=utf8mb4 COLLATE=utf8mb4_0900_ai_ci COMMENT='饮食计划历史记录表';
/*!40101 SET character_set_client = @saved_cs_client */;

--
-- Dumping data for table `diet_plan_history`
--

LOCK TABLES `diet_plan_history` WRITE;
/*!40000 ALTER TABLE `diet_plan_history` DISABLE KEYS */;
INSERT INTO `diet_plan_history` VALUES (1,'plan_1764920571413',1,'健康计划 - 7天',7,'维持健康','# 健康计划 - 7天\n\n## 1. 计划概述\n维持健康计划\n\n## 2. 营养目标\n- 每日总热量：2000 kcal\n- 蛋白质、碳水、脂肪比例合理分配\n\n## 3. 每日详细计划\n\n## 第1天 - 2025-12-05\n### 早餐\n- **食材**：燕麦60g、牛奶250ml、香蕉1根\n  - **营养数据**：约含热量400kcal，蛋白质13g，脂肪10g，碳水化合物65g。\n  - **烹饪提示**：将燕麦与牛奶混合后微波加热或直接食用冷食均可。香蕉切片作为点缀。\n\n### 午餐\n- **食材**：糙米100g（煮熟）、鸡胸肉150g（去皮）、菠菜100g\n  - **营养数据**：约含热量550kcal，蛋白质40g，脂肪15g，碳水化合物50g。\n  - **烹饪提示**：糙米提前浸泡半小时再煮可使口感更佳；鸡胸肉用少量橄榄油煎至两面金黄；菠菜快速焯水保持鲜绿。\n\n### 晚餐\n- **食材**：红薯1个（中等大小）、西红柿2个、鸡蛋2个\n  - **营养数据**：约含热量450kcal，蛋白质15g，脂肪10g，碳水化合物60g。\n  - **烹饪提示**：红薯蒸熟即可；西红柿可以做成番茄炒蛋，注意控制油量。\n\n### 加餐\n- **食材**：苹果1个、核桃一小把（约30g）、酸奶一杯（约200ml）\n  - **营养数据**：约含热量300kcal，蛋白质7g，脂肪10g，碳水化合物40g。\n  - **烹饪提示**：苹果洗净直接吃；核桃尽量选择原味无添加的；酸奶挑选低脂或无糖产品更健康。\n\n### 营养总计\n- **总热量**：约1700kcal\n- **蛋白质**：约75g\n- **脂肪**：约45g\n- **碳水化合物**：约215g\n\n请注意，这里提供的是一份大致计划，实际所需热量可能根据个人情况有所调整。此外，为了达到每日推荐的2000kcal摄入量，您还可以适当增加一些健康的零食或者水果来补充剩余的能量需求。同时，请确保饮食多样化并结合适量运动以促进身体健康。\n\n## 第2天 - 2025-12-06\n\n### 早餐\n- **食材**：燕麦50克、牛奶200毫升、香蕉1根\n  - **营养数据**：总热量约380千卡；蛋白质14克；脂肪10克；碳水化合物60克。\n  - **烹饪提示**：将燕麦用水或牛奶浸泡过夜，早晨加入切片香蕉即可食用。这样可以保证燕麦更加软糯可口。\n\n### 午餐\n- **食材**：糙米75克、鸡胸肉100克、菠菜150克\n  - **营养数据**：总热量约450千卡；蛋白质40克；脂肪10克；碳水化合物50克。\n  - **烹饪提示**：先用电饭煲煮好糙米饭。鸡胸肉用少量橄榄油煎至两面金黄后，加入适量的盐和黑胡椒调味。菠菜快速焯水后，加一点蒜末炒香，最后撒上少许芝麻提味。\n\n### 晩餐\n- **食材**：红薯200克、西红柿2个、鸡蛋2个\n  - **营养数据**：总热量约500千卡；蛋白质15克；脂肪15克；碳水化合物70克。\n  - **烹饪提示**：红薯蒸熟作为主食。西红柿去皮切块，与打散的鸡蛋一起做成西红柿炒蛋。注意控制油量，使用非粘锅来减少油脂摄入。\n\n### 加餐\n- **食材**：玉米（鲜）1根、苹果1个\n  - **营养数据**：总热量约270千卡；蛋白质5克；脂肪几乎无；碳水化合物60克。\n  - **烹饪提示**：玉米直接水煮或者微波加热几分钟即可享用。苹果洗净后直接吃，也可以切成小块方便携带。\n\n### 营养总计\n- **总热量**：约1600千卡\n- **蛋白质**：约74克\n- **脂肪**：约35克\n- **碳水化合物**：约240克\n\n请注意，以上提供的是一份较为均衡的饮食计划示例，实际操作时可根据个人口味及身体状况适当调整食材种类与分量。同时，保持良好的生活习惯对于维持健康同样重要。\n\n## 第3天 - 2025-12-07\n\n### 早餐\n- **食材**：燕麦50克、牛奶250毫升、香蕉一根\n  - **营养数据**：\n    - 燕麦（50g）：约180kcal，蛋白质6g，脂肪3g，碳水化合物30g，纤维5g。\n    - 牛奶（250ml）：约130kcal，蛋白质7g，脂肪4.5g，碳水化合物12g，钙质丰富。\n    - 香蕉（中等大小）：约90kcal，钾元素丰富，维生素B6良好来源。\n  - **烹饪提示**：将燕麦用水或少量牛奶浸泡过夜后，早上加入剩余的牛奶和切片香蕉一起食用。这样不仅方便快捷，还能保证燕麦充分吸收液体变得柔软可口。\n\n### 午餐\n- **食材**：糙米100克、鸡胸肉150克、菠菜200克\n  - **营养数据**：\n    - 糙米（100g煮熟）：约180kcal，蛋白质4g，纤维较多。\n    - 鸡胸肉（去皮，150g）：约200kcal，高蛋白低脂，几乎不含碳水化合物。\n    - 菠菜（200g）：约50kcal，铁质与维生素A、C的良好来源。\n  - **烹饪提示**：先将糙米洗净后用电饭煲煮熟；鸡胸肉用少量橄榄油煎至两面金黄再加适量水焖煮至熟透；菠菜快速焯水去除草酸后再拌入蒜末、少许盐调味即可。\n\n### 晚餐\n- **食材**：红薯一个（约200g）、西红柿两个（约300g）、鸡蛋两个\n  - **营养数据**：\n    - 红薯（200g）：约130kcal，富含膳食纤维及β-胡萝卜素。\n    - 西红柿（300g）：约60kcal，维生素C含量高。\n    - 鸡蛋（每个约50g）：共约140kcal，优质蛋白质来源。\n  - **烹饪提示**：红薯蒸熟直接食用；西红柿切块与打散的鸡蛋液一同炒制，最后撒上少许盐提味。\n\n### 加餐\n- **食材**：苹果一个、核桃一小把（约30g）\n  - **营养数据**：\n    - 苹果（中等大小）：约95kcal，富含水分及多种维生素。\n    - 核桃（30g）：约180kcal，健康脂肪及Omega-3的良好来源。\n  - **烹饪提示**：苹果洗净后直接吃；核桃剥壳后作为零食享用。\n\n### 营养总计\n- 总热量约为2000kcal左右，符合目标要求。\n- 本计划提供了丰富的蛋白质、健康的脂肪以及充足的碳水化合物来支持一天中的能量需求，并且通过各种蔬菜水果补充了必需的维生素与矿物质，有助于维持身体健康状态。同时考虑到运动量较大，特别加入了坚果类食物以提供额外的能量补给。\n\n## 第4天 - 2025-12-08\n### 目标：维持健康 | 热量：约2000kcal | 运动强度：中度运动\n\n### 早餐\n- **燕麦**：50克（生）- 提供约190千卡能量，含膳食纤维、蛋白质和B族维生素。\n- **牛奶**：250毫升 - 提供约130千卡能量，富含钙质与优质蛋白。\n- **香蕉**：1根（中等大小）- 提供约90千卡能量，钾含量丰富。\n  - **烹饪提示**：将燕麦用水或牛奶煮熟后加入切片的香蕉即可享用。\n\n### 午餐\n- **糙米饭**：100克（煮熟）- 提供约110千卡能量，含有丰富的膳食纤维。\n- **菠菜炒鸡蛋**：\n  - 菠菜：100克（生），提供约24千卡能量及铁元素。\n  - 鸡蛋：2个，提供约140千卡能量，是优质蛋白质的良好来源。\n- **西红柿牛腩汤**：\n  - 牛腩：50克（生），提供约175千卡能量。\n  - 西红柿：1个大号，提供约30千卡能量，富含维生素C。\n  - **烹饪提示**：先用小火慢炖牛腩至软烂，再加入切块的西红柿继续炖煮几分钟；菠菜快速翻炒至断生。\n\n### 晚餐\n- **红薯**：1个中等大小（约200克），提供约160千卡能量，富含β-胡萝卜素。\n- **土豆烧鸡胸肉**：\n  - 土豆：100克（生），提供约77千卡能量。\n  - 鸡胸肉：100克（生），提供约165千卡能量，低脂高蛋白。\n- **大白菜豆腐汤**：\n  - 大白菜：100克（生），提供约17千卡能量。\n  - 嫩豆腐：100克，提供约50千卡能量，植物性蛋白质良好来源。\n  - **烹饪提示**：鸡胸肉切丁与土豆一起炖煮直至熟透；大白菜与豆腐轻煮保持其脆嫩口感。\n\n### 加餐\n- **苹果**：1个（中等大小），提供约95千卡能量，富含多种维生素及矿物质。\n- **核桃**：一小把（约30克），提供约180千卡能量，有益心脏健康的不饱和脂肪酸。\n- **酸奶**：一小杯（约100克），提供约60千卡能量，促进消化吸收。\n  - **食用建议**：直接食用新鲜水果；核桃可作为零食随时享用；选择无糖或低糖酸奶更佳。\n\n### 营养总计\n- 总热量约为2000千卡左右，符合目标需求。\n- 各类营养素均衡分布于全天饮食之中，既满足了日常所需又能保证身体健康。请注意根据个人口味适当调整食材分量，并确保食物多样化以获得更加全面的营养补充。\n\n## 第5天 - 2025-12-09\n### 早餐\n- 燕麦：50克（热量约为185千卡；蛋白质6.4g；脂肪3.2g；碳水化合物30.7g）\n  - 烹饪提示：将燕麦与牛奶或水混合后微波加热2分钟，可加入少量蜂蜜调味。\n- 鲜玉米：1根（约100克）（热量约为106千卡；蛋白质3.4g；脂肪1.2g；碳水化合物23.4g）\n  - 烹饪提示：直接蒸煮至熟透即可食用。\n- 西红柿：1个（中等大小，约150克）（热量约为25千卡；蛋白质1.2g；脂肪0.2g；碳水化合物5.8g）\n  - 烹饪提示：洗净后切片生吃。\n\n### 午餐\n- 糙米：100克（干重）（热量约为340千卡；蛋白质8g；脂肪2.3g；碳水化合物72g）\n  - 烹饪提示：提前浸泡半小时后再用电饭煲煮制。\n- 大白菜：200克（热量约为17千卡；蛋白质1.5g；几乎无脂肪；碳水化合物3.8g）\n  - 烹饪提示：可以做成清炒大白菜或者白菜汤。\n- 土豆：1个（中等大小，约150克）（热量约为110千卡；蛋白质2.2g；脂肪0.1g；碳水化合物26g）\n  - 烹饪提示：去皮切块后蒸煮，也可以做成土豆泥。\n\n### 晚餐\n- 小麦粉（标准粉）：用于制作面团约100克（热量约为364千卡；蛋白质10.3g；脂肪1.2g；碳水化合物75g）\n  - 烹饪提示：和成面团后擀平，切成面条煮食。\n- 菠菜：200克（热量约为50千卡；蛋白质2.8g；脂肪0.4g；碳水化合物9.6g）\n  - 烹饪提示：清洗干净后快速焯水去除草酸，然后凉拌或炒食均可。\n- 红薯：1个（中等大小，约150克）（热量约为106千卡；蛋白质2.3g；脂肪0.1g；碳水化合物24.1g）\n  - 烹饪提示：整个放入锅中蒸煮至软糯。\n\n### 加餐\n- 核桃：一小把（约30克）（热量约为185千卡；蛋白质4.7g；脂肪18.5g；碳水化合物3.8g）\n  - 提示：作为健康的零食选择，但注意控制摄入量以免热量超标。\n- 苹果：1个（中等大小，约150克）（热量约为72千卡；蛋白质0.3g；脂肪0.2g；碳水化合物19g）\n  - 提示：洗净后直接食用，既方便又健康。\n\n### 营养总计\n- 总热量约为1980千卡\n- 蛋白质约50g\n- 脂肪约30g\n- 碳水化合物约300g\n\n请注意，以上提供的数值为大致估计值，实际营养成分可能因具体食材来源及处理方式而有所差异。此外，根据个人口味偏好调整食材种类与数量也是完全可行的。\n\n## 第6天 - 2025-12-10\n### 早餐\n- **食材**：燕麦50g、牛奶200ml、香蕉1根\n  - **营养数据**：\n    - 燕麦（50g）: 热量约170kcal，蛋白质6g，脂肪3g，碳水化合物30g\n    - 牛奶（200ml）: 约104kcal，蛋白质6.8g，脂肪3.8g，碳水化合物9.6g\n    - 香蕉（中等大小）: 大约105kcal，蛋白质1.3g，脂肪0.4g，碳水化合物27g\n  - **烹饪提示**：将燕麦用牛奶浸泡一夜，第二天早上加入切片香蕉食用。\n\n### 午餐\n- **食材**：糙米100g、大白菜150g、鸡胸肉150g\n  - **营养数据**：\n    - 糙米（100g煮熟）: 约120kcal，蛋白质2.5g，脂肪0.5g，碳水化合物26g\n    - 大白菜（150g）: 大约25kcal，蛋白质1.5g，几乎无脂肪，碳水化合物5g\n    - 鸡胸肉（150g去皮煮熟）: 约220kcal，蛋白质43g，脂肪3.5g，碳水化合物0g\n  - **烹饪提示**：先蒸熟糙米；大白菜简单炒制或做成汤；鸡胸肉可以烤箱烤制或者水煮后切片，搭配适量的盐和黑胡椒调味。\n\n### 晚餐\n- **食材**：土豆1个（中等大小）、菠菜100g、三文鱼150g\n  - **营养数据**：\n    - 土豆（一个中等大小约150g）: 约110kcal，蛋白质2.5g，脂肪0.1g，碳水化合物26g\n    - 菠菜（100g）: 大约23kcal，蛋白质2.9g，几乎无脂肪，碳水化合物3.6g\n    - 三文鱼（150g）: 约300kcal，蛋白质30g，脂肪18g，碳水化合物0g\n  - **烹饪提示**：土豆可蒸煮至软糯；菠菜快速焯水去除草酸后凉拌；三文鱼用橄榄油煎至两面金黄。\n\n### 加餐\n- **食材**：西红柿1个、核桃仁30g\n  - **营养数据**：\n    - 西红柿（一个中等大小约100g）: 约18kcal，蛋白质0.9g，几乎无脂肪，碳水化合物3.9g\n    - 核桃仁（30g）: 约180kcal，蛋白质4.5g，脂肪16g，碳水化合物3.5g\n  - **烹饪提示**：西红柿洗净直接食用；核桃仁可提前准备一小份作为零食。\n\n### 营养总计\n- 总热量约为1,930kcal\n- 蛋白质：约100g\n- 脂肪：约40g\n- 碳水化合物：约120g\n\n此计划旨在提供均衡的营养摄入，并根据您的运动强度调整了食物的选择与分量。请根据个人口味适当调整食材种类及用量。\n\n## 第7天 - 2025-12-11\n### 早餐\n- **燕麦**：50克（约180千卡，富含膳食纤维和B族维生素）\n  - 烹饪提示：将燕麦与牛奶或水一同煮沸后慢炖至软糯，可加入少量蜂蜜增加风味。\n- **红薯**：1个中等大小（约103千卡，含丰富的β-胡萝卜素及钾元素）\n  - 烹饪建议：蒸熟食用最佳，既保留了营养又便于消化。\n- **新鲜菠菜**：100克（约24千卡，提供铁质、钙质以及多种维生素）\n  - 准备方法：洗净后直接生吃作为沙拉的一部分或者轻炒几分钟。\n\n### 午餐\n- **糙米**：80克干重（约220千卡，比白米含有更多的纤维）\n  - 制作指南：提前浸泡半小时再用电饭煲煮制，口感更佳。\n- **西红柿**：2个中号（每个约33千卡，富含维生素C和番茄红素）\n  - 使用说明：切片后可作为凉拌菜的一部分，也可用来做汤底。\n- **大白菜**：200克（约17千卡，低热量高水分蔬菜）\n  - 食用技巧：快速翻炒以保持脆嫩度，调味时尽量少盐少油。\n\n### 晚餐\n- **土豆**：1个中等大小（约161千卡，良好的碳水化合物来源）\n  - 加工方式：推荐烤制而非油炸，这样能减少油脂摄入量。\n- **玉米（鲜）**：1根（约123千卡，甜味自然且富含纤维）\n  - 烹调要点：带壳煮更能锁住内部水分，让玉米更加香甜。\n- **菠菜**：再次使用100克（同上所述）\n\n### 加餐\n- **全麦面包**：2片（约190千卡，选用全谷物制作的面包营养价值更高）\n  - 搭配建议：可以涂抹一层薄薄的天然花生酱增加饱腹感。\n- **苹果**：1个中等大小（约95千卡，富含抗氧化剂）\n  - 注意事项：连皮一起吃可以获得更多的纤维。\n- **坚果混合**：30克（大约170千卡，选择无添加盐分的原味产品）\n  - 小贴士：适量食用有助于补充健康脂肪酸。\n\n### 营养总计\n- 总热量约为2000kcal\n- 此计划旨在提供均衡营养的同时控制总能量摄入，适合维持健康的饮食习惯。请注意根据个人实际情况调整食材份量，并确保每日有足够的水分摄入。\n\n## 4. 饮食建议\n1. 保持规律的用餐时间\n2. 多喝水，每天至少8杯\n3. 控制油盐糖的摄入\n4. 适量运动，配合饮食计划\n5. 保证充足睡眠\n\n\n---\n\n# 🛒 采购清单（7天）\n\n## 🥬 蔬菜类\n- 糙米：1.6斤\n- 大白菜：500克\n- 菠菜：900克\n- 土豆：4个（中等大小）\n- 西红柿：10个（中等大小）\n- 芹菜：适量（用于调味）\n\n## 🍎 水果类\n- 香蕉：7根\n- 苹果：7个（中等大小）\n- 核桃：210克\n- 玉米（鲜）：3根\n\n## 🍖 肉类/蛋白质\n- 鸡胸肉：850克\n- 三文鱼：150克\n- 牛腩：50克\n- 鸡蛋：14个\n- 嫩豆腐：100克\n\n## 🍚 主食类\n- 燕麦：350克\n- 红薯：7个（中等大小）\n- 小麦粉（标准粉）：100克\n\n## 🥛 其他\n- 牛奶：1750毫升\n- 酸奶：3杯（约600毫升）\n- 橄榄油：适量\n- 盐、黑胡椒：适量\n- 蜂蜜：适量\n- 花生酱：适量\n- 坚果混合：30克\n\n## 💡 采购建议\n- **新鲜蔬菜和水果**：尽量选择新鲜的蔬菜和水果，以确保营养成分的最大化。考虑到蔬菜和水果的保鲜期较短，可以分批购买或选择耐储存的品种。\n- **肉类和鱼类**：鸡胸肉和三文鱼可以冷冻保存，但最好在一周内食用完毕。牛腩可以选择冷冻包装，方便长期保存。\n- **主食类**：燕麦、糙米和小麦粉都可以长时间保存，但要注意密封防潮。\n- **牛奶和酸奶**：购买时检查生产日期和保质期，确保在有效期内食用。如果担心牛奶变质，可以选择盒装牛奶。\n- **坚果和种子**：核桃和其他坚果可以保存较长时间，但要注意避免潮湿和高温环境，以免变质。\n- **调味品**：橄榄油、盐、黑胡椒等调味品可以适量多买一些，以备不时之需。\n\n通过以上采购清单和建议，您可以更好地规划和准备一周的健康饮食计划。希望这份清单对您有所帮助！','2025-12-05 07:42:51','2025-12-05 07:42:51'),(2,'plan_1764921822591',1,'健康计划 - 7天',7,'维持健康','# 健康计划 - 7天\n\n## 1. 计划概述\n维持健康计划\n\n## 2. 营养目标\n- 每日总热量：2000 kcal\n- 蛋白质、碳水、脂肪比例合理分配\n\n## 3. 每日详细计划\n\n## 第1天 - 2025-12-05\n### 早餐\n- **燕麦**：50克（约含186千卡，蛋白质7g，脂肪3.5g，碳水化合物31g）\n  - 烹饪提示：将燕麦与牛奶或水混合后微波加热2分钟，可加入少量蜂蜜调味。\n- **西红柿**：1个中等大小（约含22千卡，维生素C丰富）\n  - 烹饪提示：生吃最佳，也可以切片后撒上一点盐和黑胡椒作为开胃小菜。\n- **鸡蛋**：2个（每个约含78千卡，高质量蛋白来源）\n  - 烹饪提示：推荐煎蛋或做成水煮蛋食用。\n\n### 午餐\n- **糙米**：100克未煮前（煮熟后约为240克，约含300千卡，膳食纤维丰富）\n  - 烹饪提示：提前浸泡半小时再用电饭煲煮制，口感更佳。\n- **大白菜**：200克（约含20千卡，富含维生素K和C）\n  - 烹饪提示：快炒或者做汤都是不错的选择。\n- **鸡胸肉**：150克（去皮去骨，约含260千卡，高蛋白低脂）\n  - 烹饪提示：腌制后烤箱烘烤至全熟，可以搭配柠檬汁增加风味。\n\n### 晚餐\n- **红薯**：1个中等大小（约含100克，约含90千卡，富含β-胡萝卜素）\n  - 烹饪提示：蒸煮后直接食用或切片烤制。\n- **菠菜**：100克（约含23千卡，铁质含量较高）\n  - 烹饪提示：快速焯水去除草酸后再进行凉拌或清炒。\n- **豆腐**：150克（北豆腐，约含100千卡，优质植物蛋白）\n  - 烹饪提示：可选择炖、烧等方式制作。\n\n### 加餐\n- **坚果混合**：一小把（约30克，约含170千卡，健康的脂肪及蛋白质来源）\n  - 烹饪提示：直接食用即可，注意控制分量避免过量摄入热量。\n- **苹果**：1个中等大小（约含95千卡，提供丰富的纤维素）\n  - 烹饪提示：洗净后直接食用。\n- **酸奶**：一小杯（约200毫升，约含100千卡，益生菌有助于肠道健康）\n  - 烹饪提示：选择无糖产品更有利于控制总热量。\n\n### 营养总计\n- 总热量约为2000kcal左右，符合目标需求。\n- 本计划注重均衡营养摄入，包含了充足的复合碳水化合物、优质蛋白质以及必需的维生素矿物质，适合维持日常健康状态下的饮食需要。同时，考虑到有中度运动习惯，因此在保证足够能量供应的同时也兼顾了适量的蛋白质补充以支持肌肉恢复。\n\n## 第2天 - 2025-12-06\n### 早餐\n- **食材**：燕麦 50g, 鲜玉米 1根(约150g), 西红柿 1个(约150g)\n  - **营养数据**：燕麦提供约180kcal能量，含有丰富的膳食纤维；鲜玉米提供约110kcal热量，并富含维生素B群和矿物质；西红柿提供约30kcal热量，是维生素C的良好来源。\n  - **烹饪提示**：将燕麦用水煮至软糯，可加入少量蜂蜜调味。鲜玉米直接蒸熟或煮熟食用。西红柿切片后可作为开胃菜直接食用。\n\n### 午餐\n- **食材**：糙米 75g, 土豆 1个(约200g), 大白菜 200g\n  - **营养数据**：糙米提供约230kcal热量，比白米更富含纤维素；土豆提供约160kcal热量，同时含有钾、维生素C等；大白菜低热量（约40kcal/份），但含水量高且富含维生素K。\n  - **烹饪提示**：糙米提前浸泡半小时再煮制以保证口感。土豆可以切成小块与大白菜一起炖煮，最后加盐调味即可。\n\n### 晚餐\n- **食材**：红薯 1个(约200g), 菠菜 150g, 西红柿 1个(约150g)\n  - **营养数据**：红薯提供约180kcal热量，是一种优质的碳水化合物来源；菠菜提供约50kcal热量，富含铁质及多种维生素；西红柿再次提供约30kcal热量。\n  - **烹饪提示**：红薯整个放入锅中蒸熟，或者切片烤制。菠菜洗净后快速焯水去除草酸，然后凉拌或清炒均可。西红柿同样可以选择生吃或简单烹调。\n\n### 加餐\n- **食材**：小麦粉（标准粉）制成的全麦面包 2片(约60g), 新鲜水果如苹果 1个(约200g)\n  - **营养数据**：全麦面包提供约150kcal热量，相比普通白面包更健康；苹果提供约95kcal热量，还含有丰富的抗氧化物质。\n  - **烹饪提示**：选择无糖添加的全麦面包，直接食用或是稍微加热一下增加风味。苹果清洗干净后直接食用最佳。\n\n### 营养总计\n- 总热量约为1985kcal，符合每日所需热量目标。本计划旨在通过均衡摄入各类食物来满足身体对蛋白质、脂肪、碳水化合物以及维生素和矿物质的需求，同时考虑到运动消耗，确保能够维持良好的身体健康状态。请注意根据个人口味调整食谱细节，并保证足够的水分摄入。\n\n## 第3天 - 2025-12-07\n### 早餐\n- **食材**：燕麦50g、牛奶250ml、香蕉1根\n  - **营养数据**：\n    - 燕麦（50g）: 热量约为160kcal，蛋白质4.5g，脂肪2.5g，碳水化合物28g。\n    - 牛奶（250ml）: 约130kcal，蛋白质7.5g，脂肪4g，碳水化合物12g。\n    - 香蕉（1根，约120g）: 大约105kcal，蛋白质1.2g，脂肪0.3g，碳水化合物27g。\n  - **烹饪提示**：将燕麦与牛奶混合后微波加热至温热状态，再加入切片香蕉即可享用。\n\n### 午餐\n- **食材**：糙米100g、鸡胸肉150g、菠菜100g\n  - **营养数据**：\n    - 糙米（100g煮熟）: 约180kcal，蛋白质4g，脂肪1.5g，碳水化合物38g。\n    - 鸡胸肉（150g）: 大约230kcal，蛋白质45g，脂肪3g，几乎不含碳水化合物。\n    - 菠菜（100g）: 约24kcal，蛋白质2.8g，脂肪0.4g，碳水化合物4g。\n  - **烹饪提示**：先将糙米蒸熟；鸡胸肉用少量橄榄油煎至两面金黄，并撒上少许盐和黑胡椒调味；菠菜简单焯水后沥干，可加少量蒜末提香。\n\n### 晩餐\n- **食材**：土豆1个(约200g)、西红柿2个(每个约100g)、大白菜100g\n  - **营养数据**：\n    - 土豆（200g）: 约160kcal，蛋白质3.5g，脂肪0.2g，碳水化合物36g。\n    - 西红柿（2个共200g）: 总计约40kcal，蛋白质1.5g，脂肪0.2g，碳水化合物9g。\n    - 大白菜（100g）: 约17kcal，蛋白质1.5g，脂肪0.1g，碳水化合物3.5g。\n  - **烹饪提示**：土豆去皮切块后与西红柿一起炖煮至软烂，最后加入撕成小片的大白菜快速翻炒几下即可出锅。\n\n### 加餐\n- **食材**：红薯1个(约150g)\n  - **营养数据**：约100kcal，蛋白质2g，脂肪0.1g，碳水化合物23g。\n  - **烹饪提示**：红薯洗净后整个放入锅中蒸熟或使用烤箱烤制，直至完全变软。\n\n### 营养总计\n- 总热量：约1,956kcal\n- 蛋白质：约75.5g\n- 脂肪：约11.5g\n- 碳水化合物：约150g\n\n请注意，上述提供的数值为估算值，实际营养成分可能因具体食品种类及处理方式而有所差异。此计划旨在提供一个均衡的饮食结构，但建议根据个人健康状况调整食用量。\n\n## 第4天 - 2025-12-08\n### 早餐\n- **燕麦**：50克（生）- 约190千卡，含膳食纤维、蛋白质和少量脂肪。\n- **牛奶**：200毫升 - 约105千卡，提供钙质及优质蛋白。\n- **香蕉**：一根中等大小 - 约90千卡，富含钾元素。\n\n**烹饪提示**：将燕麦用水或牛奶煮至软糯后加入切片香蕉作为点缀。如果喜欢甜味，可以适量添加蜂蜜代替糖。\n\n### 午餐\n- **糙米**：100克（熟重）- 大约230千卡，富含B族维生素。\n- **鸡胸肉**：100克 - 约165千卡，低脂高蛋白。\n- **菠菜**：150克 - 生食时约25千卡，富含铁质与维生素C。\n\n**烹饪提示**：先蒸好糙米饭；鸡胸肉用橄榄油稍微煎一下，调味料可选用酱油、黑胡椒粉等健康调料；菠菜简单焯水即可食用。\n\n### 晩餐\n- **红薯**：一个中等大小（约200g）- 约100千卡，含有丰富的β-胡萝卜素。\n- **豆腐**：100克 - 大约70千卡，是优质的植物性蛋白质来源。\n- **西红柿**：两个中等大小 - 总共约40千卡，富含抗氧化剂如番茄红素。\n\n**烹饪提示**：红薯可以选择烤制或者蒸煮的方式处理；豆腐可以做成家常豆腐汤，加入新鲜的西红柿增加风味。\n\n### 加餐\n- **坚果混合包**：一小把（约30克）- 包括杏仁、核桃等，总计约170千卡，提供健康的单不饱和脂肪酸。\n- **酸奶**：一小杯（约150克），选择无糖型 - 约70千卡，有助于肠道健康。\n- **苹果**：一个中等大小 - 约95千卡，提供维生素C及其他微量元素。\n\n**营养提示**：加餐尽量保持轻量且营养均衡，避免过晚进食影响睡眠质量。\n\n### 营养总计\n- **总热量**：约1990千卡\n- **蛋白质**：约100克\n- **碳水化合物**：约250克\n- **脂肪**：约60克\n\n以上饮食计划旨在提供均衡营养的同时控制总热量摄入，适合维持健康的成年人。请注意根据个人口味调整食材分量，并确保食物多样化以获取更全面的营养素。\n\n## 第5天 - 2025-12-09\n### 目标：维持健康；运动强度：中度运动；热量需求：约2000kcal\n\n### 早餐\n- **燕麦**：50克（生重） - 含有约187卡路里，蛋白质6.4克，脂肪3.2克，碳水化合物30.7克。\n- **鲜牛奶**：200毫升 - 提供约105卡路里，蛋白质3.4克，脂肪3.9克，碳水化合物4.8克。\n- **香蕉**：1根（约100g）- 大约含有89卡路里，蛋白质1.1克，几乎不含脂肪，碳水化合物22.8克。\n\n#### 烹饪提示：\n- 将燕麦用热水或牛奶煮至软糯后食用。如果喜欢冷食，可以将燕麦浸泡在牛奶中过夜制成隔夜燕麦。\n- 香蕉直接剥皮即食。\n\n### 午餐\n- **糙米饭**：100克（熟重）- 提供大约108卡路里，蛋白质2.4克，脂肪0.4克，碳水化合物23.6克。\n- **菠菜炒鸡蛋**：使用新鲜菠菜100克与鸡蛋2个（约100克）。此组合大约提供190卡路里，蛋白质13.6克，脂肪11.2克，碳水化合物7.2克。\n- **西红柿汤**：使用新鲜西红柿200克作为基础材料，加入少量盐调味。大约含有的营养成分是：热量约为30卡路里，蛋白质1.2克，几乎没有脂肪，碳水化合物7克左右。\n\n#### 烹饪提示：\n- 先将糙米洗净后用电饭煲煮熟。\n- 菠菜快速焯水去除草酸后，与打散的鸡蛋一起快炒。\n- 西红柿切块后加水煮沸即可制成简单美味的西红柿汤。\n\n### 晚餐\n- **红薯**：一个中等大小（约150克）- 提供约106卡路里，蛋白质2.1克，脂肪0.1克，碳水化合物24.1克。\n- **大白菜炖豆腐**：选用大白菜叶200克和北豆腐150克。这道菜大约提供180卡路里，蛋白质12.6克，脂肪8.4克，碳水化合物12.6克。\n- **玉米粒**：半杯（约80克）- 含有约80卡路里，蛋白质2.4克，脂肪0.8克，碳水化合物17.6克。\n\n#### 烹饪提示：\n- 红薯可蒸可烤，根据个人喜好选择。\n- 大白菜先焯水再与切成小块的豆腐一同炖煮，最后撒上适量盐调味。\n- 新鲜玉米粒可以直接用水煮熟食用。\n\n### 加餐\n- **苹果**：1个（约200克）- 大约含有95卡路里，蛋白质0.5克，几乎不含脂肪，碳水化合物25克。\n\n#### 总结：\n上述饮食计划总共提供了约1860卡路里，略低于目标值但考虑到日常活动及其他因素可能带来的额外消耗，这样的安排是合理的。此外，它还包含了丰富的膳食纤维、维生素及矿物质，有助于保持身体健康。请注意调整食材分量以满足个人具体需要。\n\n## 第6天 - 2025-12-10\n### 早餐\n- **燕麦**：50克（约含热量180kcal，蛋白质5g，碳水化合物30g）  \n- **鲜牛奶**：200毫升（约含热量120kcal，蛋白质7g，钙质丰富）\n- **香蕉**：1根（约含热量90kcal，钾元素丰富）\n\n**烹饪提示**：将燕麦用水或少量牛奶浸泡一夜，早晨加入剩余的牛奶加热至沸腾后转小火煮熟。香蕉切片作为点缀。\n\n### 午餐\n- **糙米**：75克（干重，约含热量220kcaL，纤维素丰富）\n- **菠菜**：100克（生重，约含热量30kcal，铁质丰富）\n- **鸡胸肉**：150克（约含热量240kcal，蛋白质含量高）\n\n**烹饪提示**：糙米提前浸泡数小时再蒸煮；菠菜快速焯水去除草酸；鸡胸肉用少许橄榄油煎至全熟，可加适量盐和黑胡椒调味。\n\n### 晩餐\n- **红薯**：1个中等大小（约含热量100kcal，富含β-胡萝卜素）\n- **大白菜**：150克（生重，约含热量15kcal，维生素C丰富）\n- **豆腐**：100克（约含热量70kcal，植物性蛋白质来源）\n\n**烹饪提示**：红薯洗净后整个蒸熟；大白菜与豆腐一起做成清淡的汤品，注意不要使用过多调味料以保持食物原味。\n\n### 加餐\n- **混合坚果**：30克（如核桃、杏仁等，约含热量180kcal，健康脂肪及微量元素）\n- **酸奶**：一小杯（约含热量100kcal，益生菌有助于消化）\n\n**营养总计**\n- 总热量约为1965kcal\n- 蛋白质量适中，能够满足日常需求\n- 碳水化合物主要来自谷物和薯类，有利于能量供应\n- 脂肪摄入量控制在合理范围内，且大部分为健康的单不饱和或多不饱和脂肪\n\n此计划旨在提供均衡的营养摄入，并考虑到维持健康的目标以及中度运动的需求。根据个人口味偏好可以适当调整食材种类但请注意保持整体热量平衡。\n\n## 第7天 - 2025-12-11\n### 早餐\n- **食材**：燕麦 50g, 鲜玉米粒 100g, 西红柿 1个(约150g)\n  - **营养数据**：\n    - 燕麦: 约180kcal, 含有丰富的膳食纤维和B族维生素。\n    - 鲜玉米粒: 大约80kcal, 富含维生素C和矿物质。\n    - 西红柿: 约30kcal, 提供维生素A、C以及钾。\n  - **烹饪提示**: 将燕麦与水按照1:2的比例煮成粥，加入切好的西红柿丁和鲜玉米粒一起煮至软糯即可。可适量添加少量蜂蜜调味。\n\n### 午餐\n- **食材**：糙米 75g, 土豆 100g, 大白菜 150g\n  - **营养数据**：\n    - 糙米: 约200kcal, 富含复合碳水化合物及多种微量元素。\n    - 土豆: 约80kcal, 含有优质蛋白质和维生素C。\n    - 大白菜: 约17kcal, 是低卡路里蔬菜，含有丰富维生素K。\n  - **烹饪提示**: 先将糙米洗净后用电饭煲蒸熟；土豆去皮切块，与大白菜一同清炒，最后可以加点蒜末提香。\n\n### 晚餐\n- **食材**：小麦粉（标准粉）50g, 红薯 100g, 菠菜 150g\n  - **营养数据**：\n    - 小麦粉: 约160kcal, 主要提供碳水化合物能量。\n    - 红薯: 约100kcal, 不仅富含β-胡萝卜素还有良好的饱腹感。\n    - 菠菜: 约40kcal, 含铁量高，同时也能补充钙质。\n  - **烹饪提示**: 使用小麦粉制作面条或馒头作为主食；红薯蒸熟后直接食用；菠菜焯水后凉拌，可加入少许醋和芝麻油增加风味。\n\n### 加餐\n- **食材**：苹果 1个(约150g), 核桃仁 10g\n  - **营养数据**：\n    - 苹果: 约70kcal, 含有丰富的抗氧化物质。\n    - 核桃仁: 约60kcal, 能够提供优质脂肪酸和蛋白质。\n  - **烹饪提示**: 苹果洗净直接吃；核桃仁剥壳即食，注意不要过量以免热量超标。\n\n### 营养总计\n- 总热量约为2000kcal左右，符合全天需求。此计划中包含了足够的碳水化合物来支持日常活动所需能量，同时也保证了适量的蛋白质摄入，并通过各种蔬菜提供了必需的维生素与矿物质。此外，通过合理安排加餐还能有效控制饥饿感，避免过度进食。\n\n## 4. 饮食建议\n1. 保持规律的用餐时间\n2. 多喝水，每天至少8杯\n3. 控制油盐糖的摄入\n4. 适量运动，配合饮食计划\n5. 保证充足睡眠\n\n\n---\n\n# 🛒 采购清单（7天）\n\n## 🥬 蔬菜类\n- 大白菜：2斤\n- 菠菜：1.5斤\n- 西红柿：8个\n- 土豆：3个（约600g）\n- 鲜玉米：2根\n\n## 🍎 水果类\n- 苹果：7个\n- 香蕉：4根\n\n## 🍖 肉类/蛋白质\n- 鸡胸肉：450克\n- 鸡蛋：14个\n- 坚果混合包：2包（每包约30克）\n- 核桃仁：10克\n- 北豆腐：2块（约300克）\n\n## 🍚 主食类\n- 燕麦：350克\n- 糙米：525克\n- 红薯：7个（中等大小）\n- 小麦粉（标准粉）：50克\n\n## 🥛 其他\n- 牛奶：1升装 × 2瓶\n- 蜂蜜：适量\n- 黑胡椒粉：适量\n- 盐：适量\n- 酸奶：无糖型，小杯装 × 7杯\n\n## 💡 采购建议\n- **蔬菜类**：大白菜、菠菜和西红柿等蔬菜容易腐烂，建议分批购买或在冰箱内冷藏保存。\n- **水果类**：苹果和香蕉可以放在阴凉处，但香蕉最好在室温下放置，避免放入冰箱导致变黑。\n- **肉类/蛋白质**：鸡胸肉和鸡蛋应尽快食用或冷冻保存；坚果混合包和核桃仁选择密封包装以延长保质期。\n- **主食类**：燕麦、糙米及小麦粉均易于储存，注意保持干燥防潮。\n- **其他**：牛奶和酸奶需冷藏保存，并注意检查生产日期与保质期。蜂蜜作为调味品，开封后也应置于阴凉处。\n\n希望这份清单能够帮助您顺利完成一周的健康饮食计划！如果有任何特殊需求或偏好，请根据实际情况调整食材数量和种类。','2025-12-05 08:03:43','2025-12-05 08:03:43'),(3,'plan_1764921900522',1,'健康计划 - 7天',7,'维持健康','# 健康计划 - 7天\n\n## 1. 计划概述\n维持健康计划\n\n## 2. 营养目标\n- 每日总热量：2000 kcal\n- 蛋白质、碳水、脂肪比例合理分配\n\n## 3. 每日详细计划\n\n## 第1天 - 2025-12-05\n### 早餐\n- 燕麦：50克（热量约180kcal，蛋白质6g，脂肪3g，碳水化合物30g）\n  - **烹饪提示**：将燕麦用水或低脂牛奶煮沸后小火慢炖至软糯，可加入少量蜂蜜调味。\n- 鲜玉米：1根（中等大小，热量约140kcal，蛋白质3.5g，脂肪1.5g，碳水化合物30g）\n  - **烹饪提示**：直接蒸熟食用，保留原味。\n- 西红柿：1个（中等大小，热量约30kcal，维生素C丰富）\n  - **烹饪提示**：生吃或者做成西红柿汁。\n\n### 午餐\n- 糙米：75克（干重，煮熟后约为200g，热量约230kcal，蛋白质5g，脂肪1g，碳水化合物50g）\n  - **烹饪提示**：提前浸泡半小时再煮，口感更佳。\n- 大白菜：100克（热量约17kcal，富含膳食纤维）\n  - **烹饪提示**：清炒或与糙米一起做成菜饭。\n- 土豆：100克（去皮，热量约77kcal，蛋白质1.9g，脂肪0.1g，碳水化合物17g）\n  - **烹饪提示**：切成条状，用少量橄榄油煎至金黄。\n\n### 晚餐\n- 小麦粉（标准粉）：75克（用于制作面食如面条，热量约260kcal，蛋白质9g，脂肪1g，碳水化合物53g）\n  - **烹饪提示**：可以自制面条，搭配清淡汤底。\n- 菠菜：100克（热量约24kcal，铁质和钙质良好来源）\n  - **烹饪提示**：快速焯水后凉拌，保持营养不流失。\n- 红薯：100克（热量约86kcal，高纤维）\n  - **烹饪提示**：蒸熟后直接食用，也可作为主食的一部分。\n\n### 加餐\n- 苹果：1个（中等大小，热量约95kcal，提供维生素C及纤维素）\n  - **食用建议**：直接清洗干净后食用。\n- 坚果混合包：30克（例如杏仁、核桃等，热量约170kcal，健康脂肪源）\n  - **食用建议**：注意控制分量，避免过量摄入。\n\n### 营养总计\n- 总热量：约1992kcal\n- 注意事项：以上计划根据一般成年人的平均需求制定，实际摄入量请根据个人情况调整。同时，保证充足的水分摄入，每天至少8杯水。此外，适量运动对于维持健康非常重要，建议结合日常活动进行中度强度的锻炼。\n\n## 第2天 - 2025-12-06\n### 目标：维持健康 | 热量需求：2000kcal | 运动强度：中度\n\n#### 早餐\n- **燕麦**：50克（干重）\n  - 营养数据：约190卡路里，蛋白质6g，脂肪3.5g，碳水化合物32g，纤维5g。\n  - 烹饪提示：可以用水或牛奶煮至软糯，加入少量蜂蜜调味更佳。\n- **新鲜菠菜**：100克\n  - 营养数据：约24卡路里，蛋白质2.8g，几乎无脂，碳水化合物4.5g，富含维生素A、C及铁质。\n  - 烹饪提示：快速焯水后凉拌食用，保留更多营养成分。\n- **鸡蛋**：2个\n  - 营养数据：每个约70卡路里，蛋白质6g，脂肪5g。两个共140卡路里。\n  - 烹饪建议：采用水煮方式准备，既简单又健康。\n\n#### 午餐\n- **糙米**：100克（生重）\n  - 营养数据：约340卡路里，蛋白质7g，脂肪2.5g，碳水化合物72g，纤维10g。\n  - 烹饪提示：提前浸泡半小时再煮，口感更佳。\n- **土豆**：200克（去皮）\n  - 营养数据：约170卡路里，蛋白质4g，脂肪0.1g，碳水化合物38g。\n  - 烹饪提示：蒸熟后切片，可搭配少量橄榄油和盐作为调味品。\n- **西红柿炖牛腩**：牛肉100克+西红柿200克\n  - 营养数据：牛肉约250卡路里，蛋白质26g；西红柿约30卡路里，几乎不含脂肪。\n  - 烹饪建议：先将牛肉用开水焯一下去除血沫，然后与西红柿一起慢火炖煮至少1小时，直到肉质酥软。\n\n#### 晚餐\n- **红薯**：200克\n  - 营养数据：约160卡路里，蛋白质2.5g，脂肪0.1g，碳水化合物37g，富含膳食纤维。\n  - 烹饪提示：推荐使用烤箱烘烤，以保持其自然甜味。\n- **大白菜**：200克\n  - 营养数据：约17卡路里，蛋白质1.5g，几乎无脂，碳水化合物3.5g。\n  - 烹饪提示：适合清炒或者做成汤底，清淡可口。\n- **豆腐**：150克\n  - 营养数据：约70卡路里，蛋白质8g，脂肪4g。\n  - 烹饪建议：切成小块后与蔬菜一同烹饪，增加菜肴的丰富度。\n\n#### 加餐\n- **苹果**：1个（约200克）\n  - 营养数据：约100卡路里，含有丰富的维生素C和纤维素。\n  - 食用建议：直接洗净后食用即可，方便快捷。\n\n#### 营养总计\n- 总热量约为1990卡路里左右，基本满足了2000卡路里的目标。此外，通过上述食材组合还能够提供足够的蛋白质、健康的脂肪以及多种维生素矿物质，有助于保持身体健康。请注意根据个人口味适当调整食谱中的调料用量，并确保每日摄入充足的水分。\n\n## 第3天 - 2025-12-07\n### 早餐\n- **燕麦**：50克（约含180千卡，蛋白质6g，脂肪3g，碳水化合物30g）\n  - 烹饪提示：将燕麦与牛奶或清水一起煮沸后小火慢炖至软糯，可加入少量蜂蜜调味。\n- **西红柿**：1个（约含20千卡，维生素C丰富）\n  - 烹饪提示：生吃或者切片后撒上一点点盐作为开胃菜。\n- **鸡蛋**：1个（约含70千卡，蛋白质6g）\n  - 烹饪提示：水煮蛋是最健康的烹饪方式之一。\n\n### 午餐\n- **糙米**：100克（约含340千卡，膳食纤维高）\n  - 烹饪提示：提前浸泡半小时后再用电饭煲煮制，口感更佳。\n- **菠菜**：100克（约含24千卡，铁质、钙质含量较高）\n  - 烹饪提示：快炒以保持其营养成分不流失。\n- **鸡胸肉**：100克（约含165千卡，蛋白质含量高）\n  - 烹饪提示：用橄榄油轻煎至两面金黄即可，避免过多油脂。\n\n### 晚餐\n- **红薯**：150克（约含130千卡，富含β-胡萝卜素）\n  - 烹饪提示：蒸熟食用最能保留其营养价值。\n- **大白菜**：150克（约含17千卡，低热量且含有丰富的维生素K）\n  - 烹饪提示：可以做成清淡的大白菜汤，少油少盐。\n- **豆腐**：100克（约含76千卡，提供优质植物蛋白）\n  - 烹饪提示：与蔬菜一起清炖，简单又美味。\n\n### 加餐\n- **坚果混合包**（如杏仁+核桃）：30克（约含180千卡，健康脂肪来源）\n  - 烹饪提示：直接食用，注意控制分量以免摄入过多热量。\n- **苹果**：1个（约含95千卡，富含膳食纤维和多种维生素）\n\n### 营养总计\n- 总热量约为1900kcal左右，接近目标值2000kcal。此计划中包含了足够的蛋白质、健康脂肪以及复合碳水化合物来支持中等强度的运动需求，并通过多样化的食材保证了维生素和矿物质的充足供应。请注意根据个人口味适当调整食物种类及份量。\n\n## 第4天 - 2025-12-08\n### 早餐\n- **燕麦**：50克（生重），提供约180千卡能量，含膳食纤维、蛋白质等。\n- **红薯**：100克（熟重），大约70千卡热量，富含β-胡萝卜素和维生素C。\n- **牛奶**：200毫升，提供约105千卡热量，是优质蛋白质的良好来源。\n\n**烹饪提示**：将燕麦用水或牛奶煮至软糯；红薯蒸熟即可食用。如果喜欢甜味可以适量加入蜂蜜调味。\n\n### 午餐\n- **糙米**：75克（生重），约有200千卡热量，含有丰富的B族维生素及矿物质。\n- **菠菜**：150克（熟重），约为30千卡，提供铁质和多种维生素。\n- **鸡胸肉**：100克（熟重），提供约165千卡能量，低脂肪高蛋白。\n\n**烹饪提示**：糙米提前浸泡几小时后用电饭煲煮熟；菠菜焯水后凉拌或清炒均可；鸡胸肉用少许橄榄油煎至两面金黄。\n\n### 晚餐\n- **玉米**：一根（约120克），提供约90千卡热量，含有复合碳水化合物。\n- **大白菜**：200克（熟重），大约15千卡，有助于补充水分与微量元素。\n- **豆腐**：100克（北豆腐），约含80千卡热量，提供优质植物性蛋白。\n\n**烹饪提示**：玉米可直接水煮或微波加热；大白菜切片后快速翻炒；豆腐切成小块后与其他蔬菜一起炖煮。\n\n### 加餐\n- **苹果**：一个中等大小的苹果，约95千卡，富含维生素C及纤维素。\n- **坚果混合包**：一小把（约30克），包括杏仁、核桃等，总热量约为170千卡，提供健康脂肪和微量营养素。\n\n**烹饪提示**：苹果洗净后直接吃；坚果建议选择无盐版本以减少钠摄入量。\n\n### 营养总计\n此计划旨在提供均衡的营养搭配，确保每日所需的基本营养素得到满足。全天总热量接近2000千卡，适合维持健康的成年人日常需求。请注意根据个人口味调整食材分量，并保持饮食多样化以获取更全面的营养。\n\n## 第5天 - 2025-12-09\n### 早餐\n- **燕麦**：50克（约180千卡，含膳食纤维6克、蛋白质7克）\n  - 烹饪提示：将燕麦与牛奶或水混合煮沸后转小火慢炖至浓稠。\n- **红薯**：100克（约103千卡，含碳水化合物24克、维生素A丰富）\n  - 烹饪提示：蒸熟即可食用。\n- **西红柿**：1个（约33千卡，富含维生素C和番茄红素）\n  - 烹饪提示：可生吃作为配菜。\n\n### 午餐\n- **糙米**：100克（未煮前）（约330千卡，含膳食纤维10克、B族维生素）\n  - 烹饪提示：提前浸泡半小时后再加水煮制。\n- **菠菜**：150克（约50千卡，铁质丰富且含多种维生素）\n  - 烹饪提示：快速焯水去除草酸后炒食。\n- **土豆**：中等大小1个（约100克）（约77千卡，钾含量高）\n  - 烹饪提示：去皮切块后蒸熟或烤制。\n\n### 晚餐\n- **玉米（鲜）**：1根（约130克）（约130千卡，含有抗氧化物）\n  - 烹饪提示：水煮直至软糯。\n- **大白菜**：200克（约34千卡，水分充足，低热量）\n  - 烹饪提示：轻炒或做成汤。\n- **小麦粉（标准粉）面条**：干重50克（约180千卡，主要提供碳水化合物）\n  - 烹饪提示：按照包装说明时间煮制，可搭配蔬菜汤底增加风味。\n\n### 加餐\n- **苹果**：1个（约95千卡，富含维生素C和膳食纤维）\n  - 食用建议：直接清洗后食用。\n- **坚果混合（如核桃、杏仁等）**：30克（约170千卡，健康脂肪及蛋白质来源）\n  - 食用建议：选择无盐版本以减少钠摄入量。\n\n### 营养总计\n- 总热量约为1972千卡\n- 此计划提供了均衡的营养比例，包括充足的复合型碳水化合物、优质蛋白质以及丰富的维生素和矿物质。通过合理搭配食材，不仅能满足日常所需能量，还能促进身体健康。请注意根据个人口味调整调味品使用量，并保持适量运动以达到最佳效果。\n\n## 第6天 - 2025-12-10\n\n### 早餐\n- **食材**：燕麦 50克、牛奶 200毫升、香蕉 1根\n  - **营养数据**：总热量约380kcal；蛋白质14g，脂肪10g，碳水化合物59g。\n  - **烹饪提示**：将燕麦用水或牛奶煮至软糯，加入切片香蕉作为甜味来源。\n\n### 午餐\n- **食材**：糙米 100克、鸡胸肉 150克、菠菜 100克\n  - **营养数据**：总热量约500kcal；蛋白质40g，脂肪12g，碳水化合物50g。\n  - **烹饪提示**：先将糙米蒸熟备用。鸡胸肉用少许橄榄油煎至全熟，最后清炒菠菜并加入少量盐调味即可。\n\n### 晩餐\n- **食材**：红薯 1个（中等大小）、西红柿 2个、鸡蛋 2个\n  - **营养数据**：总热量约450kcal；蛋白质16g，脂肪10g，碳水化合物60g。\n  - **烹饪提示**：红薯洗净后整个放入锅内蒸熟；西红柿切块与打散的鸡蛋一起快速翻炒成蛋花汤。\n\n### 加餐\n- **食材**：玉米棒 1根、核桃 30克、酸奶 一小盒(约100克)\n  - **营养数据**：总热量约270kcal；蛋白质8g，脂肪10g，碳水化合物30g。\n  - **烹饪提示**：玉米棒可直接食用或稍微加热；核桃剥壳后直接食用；选择低糖酸奶更健康。\n\n### 营养总计\n- **总热量**：约1600kcal\n- **蛋白质**：约78g\n- **脂肪**：约42g\n- **碳水化合物**：约200g\n\n请注意，以上提供的饮食计划基于一般成年人的需求设计，具体需要根据个人身体状况调整。此外，建议每天摄入充足的水分，并适当增加蔬菜和水果的比例来保证维生素和矿物质的摄取。\n\n## 第7天 - 2025-12-11\n### 早餐\n- 燕麦: 40克（生）+ 牛奶(脱脂): 200毫升 + 西红柿: 1个中等大小\n  - **营养数据**：燕麦提供约147千卡能量，富含膳食纤维；牛奶贡献约68千卡，提供优质蛋白质和钙；西红柿大约有30千卡热量，同时含有丰富的维生素C。\n  - **烹饪提示**：将燕麦用水或牛奶煮沸后慢火熬制至软糯，可加入少量蜂蜜调味。西红柿切片直接食用或轻微加热。\n\n### 午餐\n- 糙米饭: 1碗（约150克熟重）+ 大白菜炖豆腐: 大白菜半颗、北豆腐100克\n  - **营养数据**：糙米饭约含170千卡，是良好的碳水化合物来源；大白菜与豆腐组合大约共提供100千卡左右的能量，还能够补充植物蛋白及多种微量元素。\n  - **烹饪提示**：先将大白菜洗净切段，豆腐切成小块。用少许油炒香蒜末后加入适量水烧开，放入所有材料一起炖煮至食材变软即可调味出锅。\n\n### 晚餐\n- 土豆烧牛肉: 新鲜土豆1个中等大小、瘦牛肉100克\n  - **营养数据**：这道菜总共可以提供约300千卡的能量，其中牛肉富含高质量蛋白质以及铁元素，而土豆则提供了复合型碳水化合物。\n  - **烹饪提示**：牛肉切丁提前腌制，土豆去皮切块。先将牛肉快速翻炒至表面变色，再加入土豆继续翻炒均匀，最后加水没过食材，大火烧开转小火慢炖至肉质酥烂。\n\n### 加餐\n- 红薯: 1个小号\n  - **营养数据**：一个小红薯大约能提供100千卡左右的能量，并且含有丰富的β-胡萝卜素。\n  - **烹饪提示**：红薯可以直接蒸着吃，也可以烤箱烤制，注意不要添加额外糖分。\n\n### 营养总计\n全天总热量约为945千卡（实际数值会根据具体食材重量有所变化），建议通过调整食物份量或其他低热量零食来达到目标的2000kcal。此计划旨在均衡摄入各种营养素，促进身体健康。请注意保持水分充足，并根据个人情况适当调整食谱。\n\n## 4. 饮食建议\n1. 保持规律的用餐时间\n2. 多喝水，每天至少8杯\n3. 控制油盐糖的摄入\n4. 适量运动，配合饮食计划\n5. 保证充足睡眠\n\n\n---\n\n# 🛒 采购清单（7天）\n\n## 🥬 蔬菜类\n- 番茄/西红柿：10个\n- 大白菜：1颗\n- 菠菜：300克\n- 土豆：4个中等大小\n- 鲜玉米：2根\n- 西红柿（用于炖牛肉）：200克\n\n## 🍎 水果类\n- 苹果：7个\n- 香蕉：1根\n\n## 🍖 肉类/蛋白质\n- 鸡胸肉：250克\n- 牛腩：100克\n- 鸡蛋：10个\n- 北豆腐：250克\n- 坚果混合包（杏仁、核桃等）：210克\n- 牛奶（脱脂）：600毫升\n\n## 🍚 主食类\n- 燕麦：340克\n- 糙米：750克（干重）\n- 小麦粉（标准粉）：75克\n- 红薯：8个中等大小\n\n## 🥛 其他\n- 蜂蜜：适量\n- 橄榄油：适量\n- 盐：适量\n- 黑胡椒：适量\n- 蒜末：适量\n- 酸奶（低糖）：一小盒(约100克)\n\n## 💡 采购建议\n- **合并相同食材的数量**：在购物前，先将所有需要的食材列出，并计算出总量，避免重复购买。\n- **考虑食材的保鲜期**：蔬菜和水果容易变质，尽量选择新鲜的并尽快食用。肉类可以冷冻保存，但最好也尽早使用以保持口感。\n- **单位使用常见的购买单位**：如斤、个、包等，方便在超市或市场购买时快速找到所需商品。\n- **分批采购**：对于易腐烂的食材，如蔬菜和水果，可以分批次购买，确保食材的新鲜度。\n- **注意营养均衡**：除了上述食材外，还可以根据个人喜好添加其他健康食品，比如绿叶蔬菜或其他富含维生素的水果，进一步丰富饮食结构。\n- **合理安排时间**：如果可能的话，尽量选择工作日人少的时候去超市采购，这样不仅节省时间，还能更仔细地挑选食材。','2025-12-05 08:05:01','2025-12-05 08:05:01'),(4,'plan_1764922045858',1,'健康计划 - 7天',7,'维持健康','# 健康计划 - 7天\n\n## 1. 计划概述\n维持健康计划\n\n## 2. 营养目标\n- 每日总热量：2000 kcal\n- 蛋白质、碳水、脂肪比例合理分配\n\n## 3. 每日详细计划\n\n## 第1天 - 2025-12-05\n### 目标：维持健康，热量：2000kcal\n\n#### 早餐\n- **燕麦**：50克（干重）\n  - 营养数据：约190卡路里、7克蛋白质、3克脂肪、32克碳水化合物、5克纤维。\n  - 烹饪提示：使用牛奶或水煮沸后小火慢炖至粘稠，可加入少量蜂蜜增加风味。\n- **新鲜菠菜**：100克\n  - 营养数据：约24卡路里、2.8克蛋白质、0.4克脂肪、4.3克碳水化合物、2.2克纤维。\n  - 烹饪提示：快速焯水后拌入少量橄榄油和盐调味。\n- **全麦面包**：两片（约60克）\n  - 营养数据：约160卡路里、6克蛋白质、2克脂肪、30克碳水化合物、4克纤维。\n  - 烹饪提示：烤箱加热至表面微脆。\n\n#### 午餐\n- **糙米**：100克（生重）\n  - 营养数据：约340卡路里、8克蛋白质、1.5克脂肪、72克碳水化合物、7克纤维。\n  - 烹饪提示：提前浸泡半小时再用电饭煲煮熟。\n- **西红柿炒鸡蛋**：\n  - **鸡蛋**：两个\n    - 营养数据：约140卡路里、13克蛋白质、10克脂肪、1克碳水化合物。\n  - **西红柿**：200克\n    - 营养数据：约30卡路里、1.5克蛋白质、0.2克脂肪、7克碳水化合物、2克纤维。\n  - 烹饪提示：先将鸡蛋打散煎好备用；西红柿切块翻炒至软，加入适量盐调味后与鸡蛋混合。\n- **清蒸红薯**：一个中等大小\n  - 营养数据：约100卡路里、2克蛋白质、0.2克脂肪、24克碳水化合物、3克纤维。\n  - 烹饪提示：洗净后直接放入蒸锅中大火蒸制15分钟左右即可。\n\n#### 晚餐\n- **玉米粥**：一碗（约200克）\n  - 营养数据：约120卡路里、3克蛋白质、1克脂肪、27克碳水化合物、3克纤维。\n  - 烹饪提示：用玉米粒加水熬煮至浓稠。\n- **土豆烧牛肉**：\n  - **瘦牛肉**：100克\n    - 营养数据：约250卡路里、26克蛋白质、10克脂肪、0克碳水化合物。\n  - **土豆**：150克\n    - 营养数据：约130卡路里、3克蛋白质、0.1克脂肪、30克碳水化合物、2克纤维。\n  - 烹饪提示：牛肉切块先用料酒、酱油腌制片刻；土豆去皮切块；两者一同放入锅中加水慢炖至熟透。\n- **大白菜汤**：一大碗\n  - 营养数据：约15卡路里、0.5克蛋白质、0克脂肪、3克碳水化合物、1克纤维。\n  - 烹饪提示：清水烧开后加入切成条的大白菜，简单调味即可。\n\n#### 加餐\n- **苹果**：一个中等大小\n  - 营养数据：约95卡路里、0.5克蛋白质、0.3克脂肪、25克碳水化合物、4克纤维。\n  - 食用建议：洗净后直接食用。\n\n#### 营养总计\n- 总热量：约2000卡路里\n- 蛋白质：约70克\n- 脂肪：约40克\n- 碳水化合物：约300克\n- 纤维：约30克\n\n以上饮食计划旨在提供均衡的营养摄入，同时满足每日所需热量。请注意根据个人口味调整食材比例，并确保食物新鲜安全。\n\n## 第2天 - 2025-12-06\n### 早餐\n- 燕麦：50克（约含180千卡，蛋白质7g，脂肪3g，碳水化合物30g）\n- 新鲜菠菜：100克（约含24千卡，蛋白质2.8g，几乎无脂，碳水化合物4.5g）\n- 鸡蛋：1个（约含78千卡，蛋白质6.3g，脂肪5.3g，碳水化合物0.6g）\n\n**烹饪提示**：燕麦可以用水或牛奶煮制，搭配新鲜菠菜和煎鸡蛋。这样的组合既提供了足够的纤维素也有助于补充蛋白质。\n\n### 午餐\n- 糙米：100克（约含180千卡，蛋白质4.5g，脂肪1.5g，碳水化合物38g）\n- 土豆：150克（去皮后）（约含130千卡，蛋白质3g，脂肪0.1g，碳水化合物30g）\n- 大白菜：200克（约含21千卡，蛋白质1.5g，几乎无脂，碳水化合物4.5g）\n\n**烹饪提示**：糙米饭可作为主食；土豆切片蒸熟后与大白菜一起简单炒制，加少量橄榄油调味即可。\n\n### 晭餐\n- 小麦粉（标准粉）面条：100克（干重）（约含350千卡，蛋白质10g，脂肪1g，碳水化合物75g）\n- 西红柿：200克（约含30千卡，蛋白质1g，几乎无脂，碳水化合物7g）\n- 红薯：150克（约含100千卡，蛋白质2g，脂肪0.2g，碳水化合物24g）\n\n**烹饪提示**：将小麦面粉做成手擀面或者直接使用现成的面条，搭配西红柿炖肉酱或是简单的番茄汁，红薯可以选择烤制或蒸的方式食用。\n\n### 加餐\n- 玉米（鲜）：1根（约含90千卡，蛋白质3g，脂肪1g，碳水化合物20g）\n- 苹果：1个中等大小（约含95千卡，蛋白质0.5g，几乎无脂，碳水化合物25g）\n\n**烹饪提示**：玉米可以直接水煮或微波加热，苹果洗净后直接食用。\n\n### 营养总计\n- 总热量约为2000千卡\n- 蛋白质：约60g\n- 脂肪：约20g\n- 碳水化合物：约300g\n\n这个饮食计划旨在提供均衡的营养摄入，同时控制总热量以支持健康的生活方式。请注意，实际数值可能会根据具体食材以及烹饪方法有所变化，请根据个人情况进行适当调整。\n\n## 第3天 - 2025-12-07\n### 早餐\n- **食材**：燕麦(50g)、牛奶(250ml)、香蕉(1根)\n  - **营养数据**：约含400kcal，其中碳水化合物60g、蛋白质15g、脂肪10g。\n  - **烹饪提示**：将燕麦与牛奶混合后微波加热至温热状态；香蕉切片作为装饰或直接食用。\n\n### 午餐\n- **食材**：糙米(100g)、鸡胸肉(150g)、菠菜(100g)\n  - **营养数据**：大约提供600kcal的能量，含有碳水化合物80g、蛋白质50g、脂肪15g。\n  - **烹饪提示**：糙米提前浸泡半小时后再煮制；鸡胸肉用少量橄榄油煎至两面金黄；菠菜快速焯水后加少许盐调味。\n\n### 晩餐\n- **食材**：红薯(1个约150g)、番茄(2个中等大小)、鸡蛋(2个)\n  - **营养数据**：此组合约为500kcal，包括碳水化合物50g、蛋白质20g、脂肪25g。\n  - **烹饪提示**：红薯蒸熟；番茄切块做成简单的沙拉；鸡蛋可以做成煎蛋或水煮蛋。\n\n### 加餐\n- **食材**：苹果(1个)、核桃(30g)、酸奶(一小杯约100g)\n  - **营养数据**：总共约500kcal，内含碳水化合物60g、蛋白质10g、脂肪20g。\n  - **烹饪提示**：苹果洗净后直接食用；核桃可稍微烤一下增加香气；选择无糖酸奶更健康。\n\n### 营养总计\n- **总热量**：约2000kcal\n- **主要营养成分**：\n  - 碳水化合物：250g\n  - 蛋白质：95g\n  - 脂肪：70g\n\n请注意，以上提供的是一份大致的饮食建议。实际操作时，请根据个人口味和身体状况适当调整，并确保食物安全卫生。对于特定健康状况的人群（如糖尿病患者），请在医生或营养师指导下进行饮食规划。\n\n## 第4天 - 2025-12-08\n### 早餐\n- 燕麦：50克（生重），约含176卡路里、3g脂肪、27g碳水化合物、5g蛋白质。燕麦富含膳食纤维，有助于改善肠道健康。\n- 牛奶：250毫升，约含130卡路里、4.5g脂肪、11.5g碳水化合物、7g蛋白质。选择低脂或脱脂牛奶以减少脂肪摄入。\n- 新鲜蓝莓：一小盒（约100克），约含57卡路里、0.3g脂肪、14g碳水化合物、1g蛋白质。蓝莓中的抗氧化剂对心脏有益。\n\n**烹饪提示**：将燕麦与牛奶混合，在微波炉中加热至你喜欢的软度；蓝莓可以作为早餐的一部分直接食用或者加入到燕麦中增加风味。\n\n### 午餐\n- 糙米饭：100克（煮熟后），约含180卡路里、1g脂肪、40g碳水化合物、4g蛋白质。糙米比白米含有更多的纤维和维生素B群。\n- 清蒸大白菜：半颗（约150克），约含25卡路里、0.2g脂肪、5g碳水化合物、1.5g蛋白质。大白菜富含维生素C和其他微量元素。\n- 西红柿炒鸡蛋：两个中等大小的西红柿（约200克）+三个鸡蛋，共计约含300卡路里、20g脂肪、10g碳水化合物、20g蛋白质。西红柿提供丰富的维生素C和番茄红素，而鸡蛋则是优质蛋白来源之一。\n\n**烹饪提示**：先将鸡蛋打散并煎成蛋饼切片备用；再用少量油快速翻炒西红柿直至出汁，最后加入鸡蛋片略加翻拌即可。\n\n### 晚餐\n- 土豆烧牛肉：小土豆四个（约300克）+瘦牛肉150克，总共约含500卡路里、20g脂肪、40g碳水化合物、35g蛋白质。这道菜结合了高质量的动物性蛋白质以及植物性碳水化合物。\n- 菠菜汤：一把新鲜菠菜（约100克），约含23卡路里、0.4g脂肪、4g碳水化合物、2.8g蛋白质。菠菜是铁质的良好来源，并且含有多种维生素。\n- 小麦面馒头：一个（约100克），约含250卡路里、0.5g脂肪、52g碳水化合物、8g蛋白质。全谷物食品有助于提高饱腹感。\n\n**烹饪提示**：土豆和牛肉可以一起炖煮至软烂；菠菜汤简单地用水煮沸后加入洗净的菠菜即可；馒头可购买现成的或是自己制作。\n\n### 加餐\n- 红薯：一个小红薯（约150克），约含100卡路里、0.2g脂肪、24g碳水化合物、2g蛋白质。红薯是一种低GI食物，适合在两餐之间作为能量补充。\n- 坚果混合包：一小把（约30克），约含160卡路里、15g脂肪、6g碳水化合物、4g蛋白质。坚果富含健康的单不饱和及多不饱和脂肪酸，但注意控制分量以免过量摄入热量。\n\n**营养总计**\n- 总热量约为2000kcal左右\n- 各类营养素比例合理分布，满足日常所需的同时也考虑到了口味变化\n\n以上就是为您准备的一日三餐加一次加餐的饮食计划，希望对您有所帮助！\n\n## 第5天 - 2025-12-09\n### 早餐\n- 燕麦：50克（约180千卡，蛋白质6g, 膳食纤维4g）\n- 新鲜菠菜：100克（约30千卡，铁质丰富）\n- 鸡蛋：1个（约70千卡，优质蛋白）\n\n**烹饪提示**：将燕麦用水或低脂牛奶煮熟后加入切碎的新鲜菠菜和煎好的鸡蛋。这样不仅颜色诱人，而且营养价值高。\n\n### 午餐\n- 糙米饭：100克（约200千卡，富含B族维生素）\n- 番茄炒土豆片：番茄1个+土豆100克（总共约150千卡，维生素C与钾元素充足）\n- 清蒸大白菜：100克（约15千卡，几乎无脂肪）\n\n**烹饪提示**：先蒸好糙米饭；土豆切片后用少量油快速翻炒至半透明状态再加入切块的番茄继续翻炒直至软糯；大白菜直接清蒸即可保留其原汁原味。\n\n### 晚餐\n- 小麦粉面条：100克干重（约350千卡，碳水化合物为主要来源）\n- 西红柿炖牛腩：西红柿2个+瘦牛肉100克（约200千卡，含铁及蛋白质）\n- 蒜蓉菠菜：100克（同上）\n\n**烹饪提示**：面条可选择手擀面或者现成干面条；牛肉提前用料酒、生抽腌制半小时后与西红柿一同慢火炖煮；菠菜快炒时加入蒜末提香。\n\n### 加餐\n- 红薯：1小个（约100千卡，富含膳食纤维）\n- 坚果混合包：30克（约170千卡，健康脂肪）\n\n**说明**：红薯可以作为下午茶时间的小零食，而坚果则适合在晚上稍微感到饿的时候食用。\n\n### 营养总计\n- 总热量：约1955千卡\n- 特点：本日饮食计划注重了碳水化合物、蛋白质以及各种维生素矿物质之间的平衡搭配，并且通过不同食材的选择来满足全天的能量需求同时保证营养全面。对于中度运动者来说这样的安排既能够提供足够的能量支持日常活动又不会造成过量摄入导致体重增加。\n  \n请注意，上述提供的营养信息仅供参考，实际数值可能会根据具体食材品种及其处理方式有所变化。建议使用专业的食物成分数据库进行更精确地计算。\n\n## 第6天 - 2025-12-10\n\n### 早餐\n- **食材**：燕麦50g、牛奶200ml、新鲜蓝莓一小碗（约80g）\n  - **营养数据**：\n    - 燕麦：热量约为170kcal，含有丰富的膳食纤维和蛋白质。\n    - 牛奶：大约提供100kcal的能量，富含钙质和优质蛋白。\n    - 蓝莓：约40kcal，富含维生素C与抗氧化物。\n  - **烹饪提示**：将燕麦用水或牛奶煮熟后，加入新鲜蓝莓作为点缀，既美观又健康。\n\n### 午餐\n- **食材**：糙米100g、鸡胸肉150g、菠菜150g\n  - **营养数据**：\n    - 糙米：提供约300kcal能量，比白米更富含膳食纤维。\n    - 鸡胸肉：约含200kcal，是优质的蛋白质来源。\n    - 菠菜：热量低至约50kcal，但富含铁元素及多种维生素。\n  - **烹饪提示**：糙米提前浸泡后蒸煮；鸡胸肉可以采用烤制或者水煮的方式准备，并搭配少许橄榄油调味；菠菜简单焯水即可。\n\n### 晩餐\n- **食材**：红薯200g、西红柿两个（约200g）、鸡蛋一个\n  - **营养数据**：\n    - 红薯：大约提供200kcal能量，是一种健康的碳水化合物选择。\n    - 西红柿：每个约含30kcal，富含番茄红素等有益成分。\n    - 鸡蛋：约含70kcal，提供优质蛋白质。\n  - **烹饪提示**：红薯可以直接蒸食；西红柿可做成凉拌菜或汤品；鸡蛋推荐煎成太阳蛋以增加口感。\n\n### 加餐\n- **食材**：苹果一个（约200g）、核桃一小把（约30g）、酸奶一杯（约200ml）\n  - **营养数据**：\n    - 苹果：约含95kcal，含有丰富的膳食纤维。\n    - 核桃：虽然热量较高（约180kcal），但也是不饱和脂肪酸的良好来源。\n    - 酸奶：提供约100kcal能量，有助于肠道健康。\n  - **烹饪提示**：苹果洗净直接食用；核桃稍微烘焙一下会更加香脆；选择无糖或低糖酸奶更佳。\n\n### 营养总计\n根据上述计划，大致估算一天的总热量接近2000kcal左右，符合您的需求。同时，这份饮食安排均衡地包含了碳水化合物、蛋白质以及适量的脂肪，能够满足中度运动量下的身体需要。请注意，具体数值可能因个人体质差异而略有不同，请根据实际情况调整分量。\n\n## 第7天 - 2025-12-11\n### 早餐\n- **食材**：燕麦 50g、牛奶 200ml、新鲜蓝莓 100g\n  - **营养数据**：燕麦约含180kcal，牛奶提供约105kcal能量，蓝莓约含57kcal。总热量约为342kcal。\n  - **烹饪提示**：将燕麦用少量水煮至软糯后加入温热的牛奶拌匀，最后撒上洗净的新鲜蓝莓即可食用。\n\n### 午餐\n- **食材**：糙米 100g、鸡胸肉 150g、菠菜 100g\n  - **营养数据**：糙米提供约350kcal的能量，鸡胸肉（去皮）大约含有200kcal，菠菜几乎不含热量但富含维生素和矿物质。总计约550kcal。\n  - **烹饪提示**：先将糙米淘洗干净后用电饭煲蒸熟；鸡胸肉切片后用少许橄榄油煎至两面金黄，可适当加点盐调味；菠菜快速焯水后捞出沥干水分。\n\n### 晚餐\n- **食材**：红薯 200g、西红柿 1个(约150g)、大白菜 100g\n  - **营养数据**：红薯约含160kcal，一个中等大小的西红柿约有20kcal左右，大白菜几乎不提供额外热量。总共约为180kcal。\n  - **烹饪提示**：红薯可以提前一晚放入电饭煲内与米饭一起煮熟或者直接使用微波炉加热；西红柿切块后稍微炒一下作为配菜；大白菜可以选择清蒸或快炒方式处理。\n\n### 加餐\n- **食材**：核桃仁 30g、苹果 1个(约150g)\n  - **营养数据**：核桃仁约含180kcal，苹果约95kcal。合计约275kcal。\n  - **烹饪提示**：无需特别准备，直接食用即可。注意控制好分量以避免过量摄入脂肪。\n\n### 营养总计\n全天预计摄入热量约为1347kcal，考虑到日常活动及基础代谢等因素，这样的饮食安排有助于维持健康的体重状态。如果需要进一步增加热量摄入来达到2000kcal的目标，则可以在各餐之间适量添加一些低糖水果如梨子或是坚果类食品作为补充。同时也要保证足够的水分摄入哦！\n\n## 4. 饮食建议\n1. 保持规律的用餐时间\n2. 多喝水，每天至少8杯\n3. 控制油盐糖的摄入\n4. 适量运动，配合饮食计划\n5. 保证充足睡眠\n\n\n---\n\n# 🛒 采购清单（7天）\n\n## 🥬 蔬菜类\n- 新鲜菠菜：1.5斤\n- 西红柿：10个\n- 大白菜：1颗\n- 土豆：1.5斤\n- 菠菜：1.5斤\n\n## 🍎 水果类\n- 苹果：7个\n- 蓝莓：2小盒（约200克）\n- 香蕉：1根\n- 核桃：一小把（约30克） x 2 = 60克\n\n## 🍖 肉类/蛋白质\n- 瘦牛肉：250克\n- 鸡胸肉：300克\n- 鸡蛋：14个\n- 牛奶：2升\n- 酸奶：1杯（约200ml）\n\n## 🍚 主食类\n- 燕麦：350克\n- 全麦面包：1包（约6片）\n- 糙米：700克\n- 小麦粉面条：100克\n- 红薯：4个中等大小\n- 玉米：1根\n- 小麦面馒头：1个\n\n## 🥛 其他\n- 橄榄油：适量\n- 盐：适量\n- 蜂蜜：少量\n- 坚果混合包：一小把（约30克）\n\n## 💡 采购建议\n- **合并相同食材的数量**：在购买时，尽量将相同食材的数量合并，以减少浪费。\n- **考虑食材的保鲜期**：新鲜蔬菜和水果应按需购买，避免一次性购买过多导致变质。肉类可以分装冷冻保存。\n- **单位使用常见的购买单位**：如蔬菜、水果以“斤”或“个”为单位，牛奶以“升”为单位，燕麦以“克”为单位。\n- **选择新鲜食材**：尽量选择新鲜的蔬菜和水果，确保营养成分和口感。\n- **多样化采购**：为了保证饮食的多样性和均衡性，可以适当增加一些未列出但营养丰富的食材。\n- **注意储存条件**：部分食材需要冷藏或冷冻保存，购买时注意检查保质期并合理安排存储空间。\n\n希望这份采购清单能帮助你顺利完成7天的健康饮食计划！','2025-12-05 08:07:26','2025-12-05 08:07:26'),(5,'plan_1764922168756',1,'健康计划 - 7天',7,'维持健康','# 健康计划 - 7天\n\n## 1. 计划概述\n维持健康计划\n\n## 2. 营养目标\n- 每日总热量：2000 kcal\n- 蛋白质、碳水、脂肪比例合理分配\n\n## 3. 每日详细计划\n\n## 第1天 - 2025-12-05\n### 早餐\n- 燕麦：50克（干重），约含180kcal，富含膳食纤维、维生素B群。建议用水或低脂牛奶煮制，可加入少量蜂蜜增加风味。\n- 新鲜菠菜：100克，大约含有34kcal，提供丰富的铁质和钙质。推荐快速焯水后凉拌食用。\n- 土豆：小个头1个（约100g），约含77kca，是钾的良好来源。可以切成薄片用少量橄榄油煎至金黄。\n\n### 午餐\n- 糙米：100克（干重），煮熟后约含230kcal，比白米饭更富含膳食纤维。提前浸泡以减少烹饪时间。\n- 西红柿：中等大小2个，总共约含30kcal，富含抗氧化剂如番茄红素。建议切块后与少许盐一起炒制。\n- 大白菜：200克，生吃或轻微烹调均可，总热量约为14kcal，能够补充水分及维生素C。\n\n### 晚餐\n- 红薯：一个中等大小（约200g），约含100kcal，富含β-胡萝卜素。蒸煮是最好的准备方式。\n- 小麦粉（标准粉）：用于制作饺子皮，用量根据个人喜好调整，这里假设为100克干面粉，约含364kcal。注意控制油脂使用量。\n- 菠菜：作为馅料之一，取用新鲜菠菜100克，同早餐描述。\n\n### 加餐\n- 玉米（鲜）：一根中等大小的玉米棒，去壳后约含140kcal，含有多种维生素和矿物质。可以直接水煮或者烤制。\n- 苹果：一个中等大小的苹果，约含95kcal，有助于满足甜食欲望的同时提供纤维素。\n- 坚果混合物：一小把（约30克），包括杏仁、核桃等，总计约160kcal，提供优质脂肪和蛋白质。\n\n### 营养总计\n此日饮食计划总热量约为2000kcal左右，具体数值可能因食材个体差异而有所变化。该计划旨在通过均衡摄入各类营养素来维持身体健康，并且适合进行中度运动的人群。请注意保持足够的水分摄入，并根据实际情况适当调整食物分量。\n\n## 第2天 - 2025-12-06\n### 早餐\n- 燕麦：30克（约1杯），提供约100卡路里、4克蛋白质、1.5克脂肪、17克碳水化合物。富含膳食纤维，有助于促进肠胃蠕动。\n- 新鲜玉米粒：50克（约半杯），提供约80卡路里、2克蛋白质、1克脂肪、19克碳水化合物。含有丰富的维生素B群和钾元素。\n- 西红柿：1个中等大小，约含30卡路里、1克蛋白质、不到1克脂肪、7克碳水化合物。西红柿富含番茄红素及多种维生素。\n\n**烹饪提示**：将燕麦用水或牛奶煮沸后小火慢炖至软糯；玉米可以蒸熟后剥粒加入燕麦粥内；西红柿切片作为凉拌菜食用。\n\n### 午餐\n- 糙米饭：100克（干重），提供约350卡路里、7克蛋白质、1.5克脂肪、78克碳水化合物。糙米比白米更富含纤维和其他营养物质。\n- 大白菜：150克（生重），炒制后约为100克，提供约15卡路里、不到1克蛋白质、几乎无脂肪、3克碳水化合物。大白菜是低热量高水分的蔬菜。\n- 土豆：100克（去皮后），蒸熟后大约提供80卡路里、1.5克蛋白质、0.1克脂肪、18克碳水化合物。土豆是一种优质的碳水来源。\n\n**烹饪提示**：糙米提前浸泡几小时后再用电饭煲煮制；大白菜切丝与少量油盐快速翻炒；土豆切块蒸熟即可。\n\n### 晚餐\n- 小麦面条：干面50克，煮熟后约为150克，提供约150卡路里、5克蛋白质、不到1克脂肪、30克碳水化合物。选择全麦面粉制作的面条更加健康。\n- 菠菜：100克（生重），烫过后约为50克，提供约20卡路里、1克蛋白质、几乎无脂肪、4克碳水化合物。菠菜富含铁质及多种矿物质。\n- 红薯：1个小号（约100克），烤熟后提供约100卡路里、2克蛋白质、几乎无脂肪、24克碳水化合物。红薯中的β-胡萝卜素对人体有益。\n\n**烹饪提示**：面条用清水煮至八分熟捞出过冷水；菠菜稍微焯水去除草酸；红薯洗净后直接放入预热好的烤箱中低温慢烤。\n\n### 加餐\n- 苹果：1个中等大小，约含95卡路里、不到1克蛋白质、几乎无脂肪、25克碳水化合物。苹果富含抗氧化剂。\n- 坚果混合包（如杏仁+核桃）：总共不超过30克，根据种类不同能量值在150-200卡之间波动。坚果富含健康的单不饱和脂肪酸以及蛋白质。\n\n**烹饪提示**：苹果洗净后直接食用；坚果建议选择未加工过的原味产品。\n\n### 营养总计\n- 总热量：约2000kcal\n- 蛋白质：约60g\n- 脂肪：约50g\n- 碳水化合物：约280g\n\n以上饮食计划旨在提供均衡的营养摄入，并且考虑到您的运动量进行了适当的调整。请注意，实际数值可能会因具体食材的选择和个人差异而有所变化，请根据自身情况适当调整。\n\n## 第3天 - 2025-12-07\n### 早餐\n- **燕麦**：50克（约含180卡路里，蛋白质5g，脂肪3g，碳水化合物30g）\n  - 烹饪提示：将燕麦与牛奶或水混合后微波加热2分钟，可加入少量蜂蜜和坚果增加风味。\n- **西红柿**：1个中等大小（约含25卡路里，维生素C丰富）\n  - 烹饪提示：生吃或者做成简单的西红柿沙拉。\n- **鸡蛋**：1个（约含70卡路里，高质量蛋白质来源）\n  - 烹饪提示：煮蛋或煎蛋均可，注意控制油量。\n\n### 午餐\n- **糙米**：100克（未煮前）（约含360卡路里，富含膳食纤维）\n  - 烹饪提示：提前浸泡半小时再用电饭煲煮制。\n- **菠菜**：150克（约含50卡路里，铁质丰富）\n  - 烹饪提示：快速焯水后凉拌，可以加点蒜末提味。\n- **鸡胸肉**：100克（去皮）（约含165卡路里，低脂高蛋白）\n  - 烹饪提示：用橄榄油轻轻煎至两面金黄，撒上适量盐和黑胡椒调味。\n\n### 晚餐\n- **红薯**：1个中等大小（约含100卡路里，富含β-胡萝卜素）\n  - 烹饪提示：整个放入烤箱以180°C烘烤40分钟左右直到变软。\n- **大白菜**：200克（约含30卡路里，水分含量高利于消化）\n  - 烹饪提示：切片后与其他蔬菜一起清炒，少油少盐。\n- **豆腐**：100克（约含70卡路里，植物性优质蛋白）\n  - 烹饪提示：切成小块与蔬菜同炒，或做成汤品。\n\n### 加餐\n- **苹果**：1个（约含95卡路里，富含纤维素）\n  - 不需要特别处理，直接食用即可。\n- **无糖酸奶**：一小杯（约含70卡路里，含有益生菌）\n  - 可以选择原味的，根据个人口味添加少量新鲜水果。\n\n### 营养总计\n- 总热量约为1935卡路里，接近目标值2000kcal。此计划提供了丰富的膳食纤维、蛋白质以及多种维生素矿物质，有助于保持健康状态同时满足日常活动的能量需求。请注意调整食材份量来精确匹配您的具体需求。\n\n## 第4天 - 2025-12-08\n### 早餐\n- **食材**：燕麦 50g、牛奶 200ml、香蕉 1根\n  - **营养数据**：\n    - 燕麦：约190kcal，蛋白质7g，脂肪3g，碳水化合物32g\n    - 牛奶：约105kcal，蛋白质6.5g，脂肪4g，碳水化合物12g\n    - 香蕉：约90kcal，蛋白质1.3g，脂肪0.3g，碳水化合物23g\n  - **烹饪提示**：将燕麦与牛奶混合后微波加热或直接煮沸几分钟，加入切片香蕉即可享用。\n\n### 午餐\n- **食材**：糙米 100g、鸡胸肉 150g、菠菜 100g\n  - **营养数据**：\n    - 糙米：约230kcal，蛋白质5g，脂肪1g，碳水化合物50g\n    - 鸡胸肉（去皮）：约200kcal，蛋白质35g，脂肪3g，碳水化合物0g\n    - 菠菜：约30kcal，蛋白质2.5g，脂肪0.5g，碳水化合物5g\n  - **烹饪提示**：先将糙米洗净蒸熟；鸡胸肉用少许橄榄油煎至两面金黄；菠菜快速焯水去除草酸后拌入少量橄榄油和醋调味。\n\n### 晚餐\n- **食材**：红薯 1个(约150g)、大白菜 100g、西红柿 1个(约150g)\n  - **营养数据**：\n    - 红薯：约100kcal，蛋白质2g，脂肪0.2g，碳水化合物23g\n    - 大白菜：约17kcal，蛋白质1.5g，脂肪0.1g，碳水化合物3.5g\n    - 西红柿：约25kcal，蛋白质1g，脂肪0.2g，碳水化合物5g\n  - **烹饪提示**：红薯可选择烤制或蒸煮；大白菜与西红柿一起清炒，保持蔬菜的原汁原味。\n\n### 加餐\n- **食材**：酸奶 1杯(约200g)、坚果（如杏仁）10g\n  - **营养数据**：\n    - 酸奶：约100kcal，蛋白质6g，脂肪3g，碳水化合物12g\n    - 杏仁：约60kcal，蛋白质2g，脂肪5g，碳水化合物2g\n  - **烹饪提示**：选择无糖酸奶更健康；坚果提前浸泡软化口感更佳。\n\n### 营养总计\n- 总热量：约1987kcal\n- 蛋白质：约75g\n- 脂肪：约25g\n- 碳水化合物：约170g\n\n此计划旨在提供均衡的营养摄入，同时控制总热量在目标范围内。请注意根据个人口味适当调整食谱，并确保全天水分充足。\n\n## 第5天 - 2025-12-09\n\n### 早餐\n- **食材**：燕麦50克、牛奶200毫升、香蕉1根\n  - **营养数据**：约含热量400千卡，蛋白质16克，脂肪10克，碳水化合物60克。\n  - **烹饪提示**：将燕麦与牛奶混合后微波加热或直接用锅煮至软糯，最后加入切片香蕉即可享用。\n\n### 午餐\n- **食材**：糙米100克、鸡胸肉150克、菠菜150克\n  - **营养数据**：大约提供热量600千卡，蛋白质45克，脂肪12克，碳水化合物70克。\n  - **烹饪提示**：先用电饭煲蒸好糙米饭；鸡胸肉提前腌制（可使用少量酱油、姜蒜等调味），然后煎熟；菠菜快速焯水后凉拌食用。\n\n### 晩餐\n- **食材**：红薯1个（约200g）、大白菜300克、豆腐100克\n  - **营养数据**：总热量约为400千卡，含有蛋白质18克，脂肪10克，碳水化合物60克。\n  - **烹饪提示**：红薯洗净后整个放入锅中蒸熟；大白菜切段，与切成小块的豆腐一起炖煮，可以适量添加一些清汤底料增加风味。\n\n### 加餐\n- **食材**：玉米1根（约150g）、苹果1个\n  - **营养数据**：约含热量200千卡，蛋白质3克，脂肪几乎为零，碳水化合物50克。\n  - **烹饪提示**：玉米可以选择生吃或是稍微用水煮一下；苹果洗净直接食用。\n\n### 营养总计\n- **总热量**：约2000千卡\n- **蛋白质**：约82克\n- **脂肪**：约32克\n- **碳水化合物**：约240克\n\n此饮食计划旨在通过均衡搭配各类食物来满足日常所需能量及营养素摄入量，同时考虑到维持健康的目标以及中度运动的需求。请注意根据个人实际情况调整食谱内容。\n\n## 第6天 - 2025-12-10\n### 早餐\n- **燕麦**：50克（生）+ 牛奶200毫升 + 蜂蜜1茶匙\n  - **营养数据**：约含热量300kcal，蛋白质9g，脂肪8g，碳水化合物47g。\n  - **烹饪提示**：将燕麦与牛奶混合，在微波炉中加热至软糯，最后加入蜂蜜调味。\n\n- **香蕉**：1根\n  - **营养数据**：约含热量105kcal，钾元素丰富。\n  - **食用建议**：直接剥皮食用即可。\n\n- **鸡蛋**：1个\n  - **营养数据**：约含热量78kcal，高质量蛋白质来源。\n  - **烹饪方式**：水煮蛋或煎蛋均可。\n\n### 午餐\n- **糙米饭**：1碗（约150克熟饭）\n  - **营养数据**：约含热量200kcal，富含膳食纤维。\n  - **烹饪提示**：提前浸泡糙米数小时后再煮，口感更佳。\n\n- **西红柿炒鸡蛋**：使用鸡蛋2个、西红柿2个\n  - **营养数据**：约含热量250kcal，维生素C含量高。\n  - **烹饪步骤**：先炒鸡蛋盛出备用；再用少量油炒西红柿至出汁后回锅鸡蛋，加盐调味即可。\n\n- **清蒸大白菜**：半棵\n  - **营养数据**：约含热量30kcal，低卡路里蔬菜选择。\n  - **做法**：洗净切片的大白菜放入蒸锅中大火蒸制5分钟左右。\n\n### 晚餐\n- **红薯**：中等大小1个\n  - **营养数据**：约含热量100kcal，含有丰富的β-胡萝卜素。\n  - **烹饪方法**：可直接用水煮或者烤箱烘烤。\n\n- **菠菜豆腐汤**：菠菜1把、嫩豆腐半盒\n  - **营养数据**：约含热量150kcal，提供优质植物蛋白及铁质。\n  - **制作指南**：清水烧开后加入切成小块的豆腐稍煮片刻，随后加入洗净的菠菜快速烫熟，撒上少许盐调味。\n\n- **土豆丝**：土豆1个\n  - **营养数据**：约含热量100kcal，提供适量碳水化合物。\n  - **准备流程**：土豆去皮切成细丝，用冷水浸泡去除多余淀粉，然后快火翻炒至熟透。\n\n### 加餐\n- **苹果**：1个\n  - **营养数据**：约含热量95kcal，富含多种维生素和矿物质。\n  - **食用建议**：清洗干净后直接食用。\n\n- **坚果混合**：一小把（约30克）\n  - **营养数据**：约含热量180kcal，健康脂肪来源。\n  - **注意**：尽量选择未加工过的原味坚果。\n\n### 营养总计\n- 总热量约为2000kcal左右，符合目标要求。此计划提供了均衡的三大营养素比例，并且包含了足够的膳食纤维以及微量元素，有助于维持身体健康状态。\n\n## 第7天 - 2025-12-11\n### 早餐\n- 燕麦：30克（约1/4杯），提供大约108千卡能量，富含膳食纤维和B族维生素。建议用牛奶或水煮至软糯。\n- 新鲜蓝莓：半杯（约75克），含有约42千卡热量，是维生素C的良好来源。直接食用或加入燕麦中均可。\n- 坚果混合包（杏仁+核桃）：一小把（约30克），提供约170千卡的能量，同时含有健康的脂肪和蛋白质。可作为早餐的额外补充。\n\n### 午餐\n- 糙米饭：1碗（约150克未煮前），提供约180千卡的能量，比白米更富含纤维。使用电饭煲正常烹饪即可。\n- 西红柿炒鸡蛋：鸡蛋2个+西红柿1个，总共约含200千卡热量。先将鸡蛋打散后快速翻炒至熟，再加入切好的西红柿块继续翻炒几分钟。\n- 大白菜炖豆腐：大白菜100克+北豆腐100克，合计约有90千卡左右。将所有材料放入锅中加适量清水慢火炖煮直至入味。\n\n### 晚餐\n- 土豆泥：土豆1个（约200克），提供约160千卡热量，富含碳水化合物及少量蛋白质。蒸熟后压成泥状，可根据口味添加少量黄油提香。\n- 清蒸鲈鱼：一条（约200克），大约含有180千卡热量，并且是优质蛋白的好来源。只需简单地在鱼身上撒上一些姜丝、葱段，然后放入蒸锅中蒸制即可。\n- 菠菜汤：菠菜100克，约含30千卡热量。菠菜洗净后与适量清水一同煮沸即成，可适当调味。\n\n### 加餐\n- 红薯：一个小号（约150克），提供约100千卡热量，是一种很好的低GI食品选择。可以烤着吃或者蒸着吃都非常美味。\n\n### 营养总计\n根据上述食谱安排，全天摄入总热量约为1040千卡来自主食类（包括燕麦、糙米、土豆、红薯）、410千卡来自蛋白质源（如鸡蛋、豆腐、鲈鱼）、以及约550千卡来自其他食物（如坚果、蔬菜等）。这样的饮食结构既保证了足够的能量供给也兼顾了营养均衡，非常适合维持健康状态下的日常需求。请注意，这里提供的数值仅供参考，具体数值可能会因食材品种和个人差异而略有不同。此外，在实际操作过程中还需考虑个人活动量等因素调整食量以达到最佳效果。\n\n## 4. 饮食建议\n1. 保持规律的用餐时间\n2. 多喝水，每天至少8杯\n3. 控制油盐糖的摄入\n4. 适量运动，配合饮食计划\n5. 保证充足睡眠\n\n\n---\n\n# 🛒 采购清单（7天）\n\n## 🥬 蔬菜类\n- 新鲜菠菜：300克\n- 土豆：4个（约400克）\n- 番茄/西红柿：6个（中等大小）\n- 大白菜：800克\n- 菠菜：1把（约200克）\n- 鸡蛋：5个\n- 香蕉：3根\n- 蓝莓：半杯（约75克）\n- 西红柿：1个（中等大小）\n- 北豆腐：1盒（约200克）\n- 菠菜：100克\n\n## 🍎 水果类\n- 苹果：4个（中等大小）\n- 香蕉：3根\n- 蓝莓：半杯（约75克）\n\n## 🍖 肉类/蛋白质\n- 鸡胸肉：300克\n- 嫩豆腐：半盒（约200克）\n- 鲈鱼：1条（约200克）\n\n## 🍚 主食类\n- 燕麦：260克\n- 糙米：400克（干重）\n- 小麦粉（标准粉）：100克\n- 小麦面条：50克（干面）\n- 红薯：4个（中等大小，约800克）\n- 玉米棒：2根（中等大小）\n- 黄油：少量（用于土豆泥调味）\n\n## 🥛 其他\n- 牛奶：800毫升\n- 无糖酸奶：1小杯（约200克）\n- 坚果混合物（杏仁+核桃）：120克\n- 蜂蜜：适量\n- 橄榄油：适量\n- 盐：适量\n- 黑胡椒：适量\n- 酱油：少量\n- 姜蒜：适量\n- 清汤底料：适量\n\n## 💡 采购建议\n- **合并相同食材的数量**：在购买时尽量合并相同食材的数量，以减少浪费。\n- **考虑食材的保鲜期**：新鲜蔬菜和水果应尽早食用或冷藏保存。肉类和主食类可以适当冷冻保存，延长保质期。\n- **单位使用常见的购买单位**：如斤、个、包等，便于购买和计算。\n- **选择新鲜食材**：尽量选择新鲜的蔬菜和水果，保证营养和口感。\n- **分批采购**：部分易腐烂的食材如菠菜、香蕉等，可以分批次采购，避免一次性购买过多导致浪费。\n- **注意季节性**：根据季节选择当季食材，既经济又健康。\n- **提前规划**：根据每天的饮食计划提前规划好需要购买的食材，避免遗漏。\n\n希望这份采购清单能帮助你顺利完成7天的健康饮食计划！','2025-12-05 08:09:29','2025-12-05 08:09:29'),(6,'plan_1764923125638',1,'健康计划 - 7天',7,'维持健康','# 健康计划 - 7天\n\n## 1. 计划概述\n维持健康计划\n\n## 2. 营养目标\n- 每日总热量：2000 kcal\n- 蛋白质、碳水、脂肪比例合理分配\n\n## 3. 每日详细计划\n\n## 第1天 - 2025-12-05\n### 早餐\n- **燕麦**：40克（干重），提供约147千卡热量、3.6克蛋白质、2.4克脂肪、27克碳水化合物。富含膳食纤维，有助于促进肠胃蠕动。\n- **新鲜菠菜**：100克，大约提供23千卡热量、2.8克蛋白质、0.4克脂肪、3.6克碳水化合物。含有丰富的维生素A和铁质。\n- **西红柿**：1个中等大小（约100克），提供约18千卡热量、0.9克蛋白质、0.2克脂肪、3.9克碳水化合物。含大量维生素C及番茄红素。\n\n**烹饪提示**：将燕麦用热水或牛奶煮至软糯，加入切碎的新鲜菠菜与西红柿丁，可适量添加一些坚果增加风味。\n\n### 午餐\n- **糙米**：100克（生重），提供约330千卡热量、8克蛋白质、2.5克脂肪、70克碳水化合物。比白米更有利于控制血糖。\n- **大白菜**：200克，提供约17千卡热量、1.5克蛋白质、0.2克脂肪、3.4克碳水化合物。是优质的叶绿蔬菜之一。\n- **土豆**：一个中等大小（约150克），去皮后提供约130千卡热量、2.9克蛋白质、0.1克脂肪、30克碳水化合物。土豆富含钾元素。\n\n**烹饪提示**：先将糙米煮熟；大白菜切丝，土豆切成小块后蒸熟，然后一起翻炒调味即可。\n\n### 晚餐\n- **红薯**：一根中等大小（约200克），提供约106千卡热量、2.3克蛋白质、0.1克脂肪、24克碳水化合物。红薯中的β-胡萝卜素对眼睛有益。\n- **玉米**：半根（约100克），提供约86千卡热量、3.2克蛋白质、1.2克脂肪、19克碳水化合物。玉米中含有多种维生素B群。\n- **小麦粉面条**：50克干面，煮熟后约提供150千卡热量、5克蛋白质、0.5克脂肪、30克碳水化合物。\n\n**烹饪提示**：红薯可以烤制或者蒸煮；玉米直接水煮；面条选择清水煮开后捞出，搭配少量橄榄油和海盐食用。\n\n### 加餐\n- **苹果**：一个中等大小（约150克），提供约72千卡热量、0.3克蛋白质、0.2克脂肪、19克碳水化合物。苹果中含有丰富的抗氧化物质。\n- **杏仁**：一小把（约20克），提供约110千卡热量、3.5克蛋白质、9.5克脂肪、4.5克碳水化合物。杏仁富含健康的单不饱和脂肪酸。\n\n**营养总计**\n- 总热量约为2000kcal\n- 蛋白质总量接近于推荐摄入量\n- 健康脂肪来源包括植物油以及坚果\n- 碳水化合物主要来自全谷物及蔬菜水果\n\n以上饮食计划旨在提供均衡的营养摄入，同时考虑到口味多样性。请根据个人实际情况调整食材分量以达到最佳效果。\n\n## 第2天 - 2025-12-06\n### 早餐\n- 燕麦：50克（含约180卡路里，蛋白质5g，脂肪3g，碳水化合物30g）\n  - 烹饪提示：将燕麦与适量水或牛奶混合后煮沸，转小火慢炖至粘稠。可以加入少量蜂蜜或新鲜水果增加风味。\n- 新鲜菠菜：100克（约24卡路里，蛋白质2.9g，几乎无脂肪，碳水化合物4.5g）\n  - 烹饪提示：简单焯水后凉拌食用，可添加少量橄榄油、盐和醋调味。\n- 鸡蛋：1个（约78卡路里，蛋白质6.3g，脂肪5.3g，碳水化合物0.6g）\n  - 烹饪建议：水煮蛋是最健康的烹饪方式之一，保留了鸡蛋中的大部分营养成分。\n\n### 午餐\n- 糙米：100克（生重）（煮熟后约含180卡路里，蛋白质4.5g，脂肪1.5g，碳水化合物40g）\n  - 烹饪提示：提前浸泡糙米几个小时可以帮助更好地煮熟。使用电饭煲按正常程序蒸煮即可。\n- 大白菜：200克（约17卡路里，蛋白质1.5g，几乎无脂肪，碳水化合物3.5g）\n  - 烹饪建议：可以做成大白菜炒肉片或者作为汤的一部分。\n- 土豆：中等大小一个（约110克，含100卡路里，蛋白质2.2g，脂肪0.1g，碳水化合物22g）\n  - 烹饪提示：土豆切片后用少量橄榄油煎至两面金黄，撒上适量盐和黑胡椒调味。\n\n### 晚餐\n- 小麦粉（标准粉）面条：干面条100克（约350卡路里，蛋白质10g，脂肪1.5g，碳水化合物70g）\n  - 烹饪提示：根据包装上的指示时间煮制，搭配蔬菜和瘦肉制成汤面更佳。\n- 西红柿：两个中等大小（每个约33卡路里，蛋白质1.2g，几乎无脂肪，碳水化合物7.5g）\n  - 烹饪建议：西红柿可以切块直接加入面条中做汤底，也可以用来制作简单的西红柿炒蛋。\n- 鲜玉米粒：半杯（约100克，含86卡路里，蛋白质3.2g，脂肪1.5g，碳水化合物18g）\n  - 烹饪提示：可以直接用水煮熟后食用，或是加入到沙拉中增加口感。\n\n### 加餐\n- 红薯：一个小号（约100克，含90卡路里，蛋白质2g，几乎无脂肪，碳水化合物20g）\n  - 烹饪提示：整个红薯放入微波炉中加热几分钟直至变软；也可以烤箱预热至200°C，烤约40分钟直到熟透。\n\n### 营养总计\n以上提供的饮食计划大约能够满足2000kcal的能量需求，并且包含了足够的蛋白质、健康脂肪以及复合碳水化合物来支持中度运动量的生活方式。请注意，具体数值可能因食材品牌和个人烹饪方法略有差异，请适当调整以符合个人口味及营养需求。\n\n## 第3天 - 2025-12-07\n### 早餐\n- 燕麦：50克（热量约180kcal，含膳食纤维、蛋白质）\n- 新鲜菠菜：100克（热量约24kcal，富含铁质和维生素C）\n- 红薯：1个（约100克，热量约90kcal，提供复合碳水化合物）\n\n**烹饪提示**：将燕麦用水或低脂牛奶煮熟；菠菜可以轻微焯水后凉拌食用；红薯蒸熟即可。\n\n### 午餐\n- 糙米：100克（未煮前量，热量约360kcal，富含B族维生素及矿物质）\n- 西红柿炖牛肉：牛肉100克+西红柿200克（总热量约300kcal，牛肉提供优质蛋白，西红柿含有丰富的番茄红素）\n- 大白菜：200克（热量约18kcal，高水分含量有助于消化）\n\n**烹饪提示**：糙米提前浸泡数小时后再煮；牛肉切块与西红柿一同慢炖至软烂；大白菜可清炒或做成汤。\n\n### 晚餐\n- 土豆丝：土豆1个（约150克，热量约110kcal，钾元素丰富）\n- 清蒸鱼：鱼肉150克（热量约150kcal，优质蛋白质来源）\n- 玉米粒：100克（新鲜玉米，热量约100kcal，提供甜味且饱腹感强）\n\n**烹饪提示**：土豆切成细丝后用少量油快速翻炒；选择淡水鱼如鲈鱼进行清蒸；玉米可以直接煮食或者加入少量盐调味。\n\n### 加餐\n- 坚果混合包：杏仁、核桃各一小把（总量约30克，热量约180kcal，健康脂肪和微量营养素的良好来源）\n\n**烹饪提示**：坚果无需额外加工，直接食用即可。注意控制分量以免摄入过多热量。\n\n### 营养总计\n- 总热量约为1962kcal\n- 上述计划提供了均衡的碳水化合物、蛋白质以及适量的健康脂肪。\n- 通过多样化食材的选择确保了多种维生素和矿物质的摄入。\n- 根据个人口味调整具体做法时，请注意保持健康的烹饪方式，减少油脂使用并避免添加过多盐分。\n\n## 第4天 - 2025-12-08\n### 早餐\n- **燕麦**：50克（约含热量190千卡，蛋白质7克，脂肪3.5克，碳水化合物32克）\n  - 烹饪提示：将燕麦与牛奶或清水一起煮沸后小火慢炖至软糯。可以加入少量蜂蜜调味。\n- **红薯**：一个小号（约100克），提供约103千卡能量，富含膳食纤维。\n  - 烹饪建议：蒸熟即可食用，保持原味健康。\n- **西红柿**：一个中等大小（约100克），约含18千卡，维生素C丰富。\n  - 食用方法：洗净后直接吃或者切片搭配其他食物。\n\n### 午餐\n- **糙米**：干重75克（煮熟后约200克左右），约含220千卡，是优质的复合碳水来源。\n  - 制作指南：提前浸泡几小时再加水煮制更易消化吸收。\n- **菠菜**：150克生重，经过烹饪后大约为100克，提供约24千卡的能量，铁质含量高。\n  - 烹饪技巧：快速焯水去除草酸后再炒制，保留更多营养成分。\n- **土豆**：一个中等大小（约150克），约含100千卡，钾元素含量较高。\n  - 做法推荐：切成块状后蒸熟，可作为主食的一部分。\n\n### 晚餐\n- **玉米**（鲜）：一根中等大小（约120克），约含86千卡，含有丰富的B族维生素。\n  - 准备方式：整根放入锅中加水煮至熟透。\n- **大白菜**：半颗（约300克），生重计算的话热量非常低，仅为约17千卡。\n  - 菜肴建议：可用于制作清淡的汤品或是简单的清炒。\n- **小麦粉（标准粉）**：用于制作馒头或其他面点，用量根据实际需要调整，这里假设使用了50克面粉（约含170千卡）。\n  - 小贴士：尝试自己动手做面团，控制好发酵时间以达到最佳口感。\n\n### 加餐\n- **苹果**：一个中等大小（约180克），约含95千卡，是一种健康的零食选择。\n  - 吃法：直接洗净后食用；也可以切片后搭配少量坚果一起享用。\n\n### 营养总计\n- 总热量约为2000千卡\n- 本计划提供了均衡的蛋白质、健康脂肪以及复合碳水化合物摄入，并且通过多种蔬菜保证了足够的维生素和矿物质供给。请注意，实际营养数值可能会因食材的具体品种和个人烹调习惯而有所差异，请根据自身情况适当调整。\n\n## 第5天 - 2025-12-09\n### 目标：维持健康 | 热量：约2000kcal | 运动强度：中度\n\n#### 早餐\n- **燕麦**：40g（生重），提供约150卡路里，富含膳食纤维、蛋白质。\n- **牛奶**：200ml，大约提供105卡路里，是钙质和优质蛋白的良好来源。\n- **新鲜蓝莓**：100g，约含57卡路里，含有丰富的抗氧化剂如维生素C。\n\n**烹饪提示**：将燕麦与水或牛奶一起煮沸后小火慢炖至软糯，最后加入新鲜蓝莓即可享用一碗营养丰富且美味的早餐粥。\n\n---\n\n#### 午餐\n- **糙米饭**：100g（熟重），约含180卡路里，比白米更富含B族维生素及矿物质。\n- **清蒸大白菜**：150g，仅约17卡路里，几乎不含脂肪，但富含水分和维生素K。\n- **番茄炒蛋**：鸡蛋2个+番茄1个。鸡蛋每个约含78卡路里；番茄（中等大小）约30卡路里。此组合不仅色彩诱人，还提供了优质的蛋白质以及多种维生素。\n\n**烹饪提示**：先将鸡蛋打散并快速翻炒至半熟取出备用；接着在同一锅中加入切好的番茄片快炒几下，待出汁后再回锅之前炒好的鸡蛋，加少许盐调味即可。\n\n---\n\n#### 晚餐\n- **红薯**：1个（约150g），提供约106卡路里，是一种低GI食品，有助于控制血糖水平。\n- **菠菜豆腐汤**：嫩豆腐100g+菠菜100g。豆腐每100克约含76卡路里；菠菜则为23卡路里左右。这道汤品清淡可口，同时富含植物性蛋白及铁元素。\n- **玉米粒**：50g（生重），约含86卡路里，可以作为晚餐的小点缀增加饱腹感而不增加太多热量负担。\n\n**烹饪提示**：将红薯整个放入锅内蒸熟；另起一锅热水，加入切块的嫩豆腐和洗净的菠菜快速汆烫后捞出，撒上少量盐调味即成简单又健康的菠菜豆腐汤。\n\n---\n\n#### 加餐\n- **苹果**：1个（中等大小），约含95卡路里，富含纤维素和天然果糖。\n- **坚果混合包**：30g，根据种类不同大概在150~200卡之间浮动，主要提供健康脂肪酸和微量矿物质。\n- **酸奶**：一小杯（约100g），约含60卡路里，有利于肠道健康。\n\n**食用建议**：选择无糖或低糖版本的酸奶以减少额外摄入的糖分。\n\n---\n\n### 营养总计\n- 总热量约为2000kcal左右，具体数值可能因个人所用食材品牌等因素有所差异。\n- 本计划旨在通过均衡搭配各类食物来满足日常所需的各种营养素，并保持合理的热量摄入量。请注意适量调整食量以适应自身实际情况。\n\n## 第6天 - 2025-12-10\n### 早餐\n- **燕麦**：50克（干重），约含180卡路里，富含膳食纤维和B族维生素。建议用牛奶或水煮熟后食用。\n- **西红柿**：1个中等大小，约含30卡路里，提供丰富的维生素C和番茄红素。可切片加入燕麦中或者作为配菜。\n- **鸡蛋**：1个，大约70卡路里，优质蛋白质来源。推荐煎蛋方式，少油烹饪。\n\n### 午餐\n- **糙米**：100克（生重），约含340卡路里，含有较多的纤维素和微量元素。建议提前浸泡几小时后再用电饭煲煮制。\n- **菠菜**：100克，约含24卡路里，富含铁质及多种维生素。简单清炒即可，注意不要过度烹调以保留更多营养。\n- **鸡胸肉**：100克，大约165卡路里，高蛋白低脂肪。可以先用少量橄榄油腌制再烤制，增加风味同时减少油脂摄入。\n\n### 晚餐\n- **红薯**：150克（去皮），约含130卡路里，含有丰富β-胡萝卜素。蒸熟直接食用，既方便又健康。\n- **大白菜**：150克，约含17卡路里，水分含量高且热量极低。适合做成清淡的大白菜汤，加点虾皮提味。\n- **豆腐**：100克，大约50卡路里，植物性蛋白的良好来源。可以将豆腐切成块状，与蔬菜一起炖煮。\n\n### 加餐\n- **苹果**：1个中型，约含95卡路里，含有丰富的维生素C和膳食纤维。直接洗净后吃是最好的选择。\n- **坚果混合包**：30克（如杏仁、核桃等），约含170卡路里，提供优质脂肪和微量营养素。注意控制分量以免过量。\n- **酸奶**：一小杯（约100克），约含60卡路里，有益于肠道健康。尽量选择无糖版本。\n\n### 营养总计\n此计划全天总热量约为1994卡路里，符合您的需求。它包含了足够的碳水化合物来支持日常活动所需能量，同时也有适量的蛋白质帮助肌肉恢复以及丰富的维生素和矿物质保证身体健康。请根据个人口味调整食材的具体用量，并确保饮食多样化以获取更全面的营养。\n\n## 第7天 - 2025-12-11\n### 早餐\n- **燕麦**：50克（约含热量180千卡，蛋白质6.5克，脂肪3克，碳水化合物30克）\n- **牛奶**：200毫升（约含热量105千卡，蛋白质9克，脂肪4.5克，碳水化合物12克）\n- **香蕉**：一根（约含热量89千卡，蛋白质1.1克，脂肪0.3克，碳水化合物22.8克）\n\n**烹饪提示**：将燕麦与牛奶混合后微波加热或直接煮沸至软糯，最后加入切片的香蕉即可享用。\n\n### 午餐\n- **糙米**：100克（生重，煮熟后约含热量200千卡，蛋白质4.5克，脂肪1.5克，碳水化合物40克）\n- **鸡胸肉**：150克（去皮，约含热量165千卡，蛋白质31克，脂肪3.6克，无糖）\n- **菠菜**：100克（约含热量23千卡，蛋白质2.8克，脂肪0.4克，碳水化合物3.6克）\n\n**烹饪提示**：先将糙米洗净并用水浸泡半小时后蒸煮；鸡胸肉用少量橄榄油煎至两面金黄；菠菜快速焯水后捞出沥干水分，可加入少量蒜末提味。\n\n### 晚餐\n- **红薯**：一个中等大小（约150克，约含热量106千卡，蛋白质2.3克，脂肪0.1克，碳水化合物24克）\n- **豆腐**：100克（北豆腐，约含热量50千卡，蛋白质6.2克，脂肪2.7克，碳水化合物2.3克）\n- **西红柿**：两个中等大小（每个约含热量18千卡，蛋白质0.9克，脂肪0.2克，碳水化合物3.9克）\n\n**烹饪提示**：红薯整个放入锅中加水煮熟；豆腐切块后用少许酱油、葱花简单调味；西红柿切成小块作为凉拌食用。\n\n### 加餐\n- **核桃仁**：一小把（约30克，约含热量185千卡，蛋白质4.5克，脂肪18.5克，碳水化合物3.8克）\n- **苹果**：一个中等大小（约含热量95千卡，蛋白质0.5克，脂肪0.3克，碳水化合物25克）\n\n**说明**：选择新鲜水果和坚果作为健康零食，既满足了对甜食的渴望又不会增加过多负担。\n\n### 营养总计\n- 总热量：约1998千卡\n- 蛋白质：约65克\n- 脂肪：约40克\n- 碳水化合物：约260克\n\n这份计划旨在提供均衡营养的同时控制总热量摄入量接近2000kcal，适合维持健康状态下的日常饮食需求。请注意根据个人实际情况调整食材分量以达到最佳效果。\n\n## 4. 饮食建议\n1. 保持规律的用餐时间\n2. 多喝水，每天至少8杯\n3. 控制油盐糖的摄入\n4. 适量运动，配合饮食计划\n5. 保证充足睡眠\n\n\n---\n\n# 🛒 采购清单（7天）\n\n## 🥬 蔬菜类\n- 新鲜菠菜：1.5 斤\n- 西红柿：8 个\n- 大白菜：2 斤\n- 土豆：4 个\n- 鸡胸肉：300 克\n- 番茄：2 个\n\n## 🍎 水果类\n- 苹果：7 个\n- 香蕉：1 根\n- 蓝莓：100 克\n\n## 🍖 肉类/蛋白质\n- 鸡蛋：6 个\n- 牛肉：100 克\n- 鱼肉：150 克\n- 嫩豆腐：200 克\n- 北豆腐：100 克\n\n## 🍚 主食类\n- 燕麦：350 克\n- 糙米：700 克\n- 红薯：7 根\n- 玉米：4 根\n- 小麦粉面条：150 克\n- 馒头用面粉：50 克\n\n## 🥛 其他\n- 杏仁：约 100 克\n- 核桃：约 100 克\n- 坚果混合包：约 100 克\n- 牛奶：1 升\n- 酸奶：约 700 克\n- 橄榄油：适量\n- 海盐：适量\n- 黑胡椒：适量\n- 蜂蜜：适量\n- 醋：适量\n- 盐：适量\n- 酱油：适量\n- 葱花：适量\n- 蒜末：适量\n- 虾皮：适量\n\n## 💡 采购建议\n- **分批购买**：蔬菜和水果等易腐烂的食材可以分批购买，以保持新鲜度。\n- **优先选择当季食材**：当季食材不仅价格更实惠，而且营养价值更高。\n- **注意保质期**：购买时注意检查食品的生产日期和保质期，确保在有效期内食用。\n- **适量购买肉类**：肉类可以冷冻保存，但为了保证口感，尽量不要存放太久。\n- **多样化坚果**：坚果混合包可以选择多种坚果混合，增加营养多样性。\n- **合理安排购物时间**：尽量选择人少的时间段去超市或市场，减少排队等候时间。\n- **使用环保购物袋**：减少塑料袋的使用，保护环境。\n\n这份采购清单已经考虑了食材的合并与保鲜期，希望对您的健康饮食计划有所帮助！','2025-12-05 08:25:26','2025-12-05 08:25:26');
/*!40000 ALTER TABLE `diet_plan_history` ENABLE KEYS */;
UNLOCK TABLES;

--
-- Table structure for table `diet_plan_tasks`
--

DROP TABLE IF EXISTS `diet_plan_tasks`;
/*!40101 SET @saved_cs_client     = @@character_set_client */;
/*!50503 SET character_set_client = utf8mb4 */;
CREATE TABLE `diet_plan_tasks` (
  `id` bigint NOT NULL AUTO_INCREMENT,
  `task_id` varchar(50) NOT NULL COMMENT '任务ID',
  `user_id` bigint NOT NULL COMMENT '用户ID',
  `status` varchar(20) NOT NULL DEFAULT 'pending' COMMENT '任务状态: pending, running, completed, failed, cancelled',
  `progress` int DEFAULT '0' COMMENT '进度百分比',
  `total_days` int NOT NULL COMMENT '总天数',
  `current_day` int DEFAULT '0' COMMENT '当前生成到第几天',
  `plan_id` varchar(50) DEFAULT NULL COMMENT '生成的计划ID（完成后）',
  `request_data` text COMMENT '请求参数JSON',
  `error_message` text COMMENT '错误信息',
  `created_at` timestamp NULL DEFAULT CURRENT_TIMESTAMP COMMENT '创建时间',
  `updated_at` timestamp NULL DEFAULT CURRENT_TIMESTAMP ON UPDATE CURRENT_TIMESTAMP COMMENT '更新时间',
  PRIMARY KEY (`id`),
  UNIQUE KEY `task_id` (`task_id`),
  KEY `idx_user_id` (`user_id`),
  KEY `idx_task_id` (`task_id`),
  KEY `idx_status` (`status`)
) ENGINE=InnoDB AUTO_INCREMENT=24 DEFAULT CHARSET=utf8mb4 COLLATE=utf8mb4_0900_ai_ci COMMENT='饮食计划生成任务表';
/*!40101 SET character_set_client = @saved_cs_client */;

--
-- Dumping data for table `diet_plan_tasks`
--

LOCK TABLES `diet_plan_tasks` WRITE;
/*!40000 ALTER TABLE `diet_plan_tasks` DISABLE KEYS */;
INSERT INTO `diet_plan_tasks` VALUES (4,'task_1764920325614',1,'completed',100,7,7,'plan_1764920571413','{\"days\":7,\"goal\":\"maintain\",\"exerciseLevel\":\"medium\",\"preferences\":\"\",\"allergies\":\"\",\"includeNutrition\":true,\"includeShoppingList\":true,\"includeCookingTips\":true}',NULL,'2025-12-05 07:38:46','2025-12-05 07:42:51'),(8,'task_1764921590978',1,'completed',100,7,7,'plan_1764921822591','{\"days\":7,\"goal\":\"maintain\",\"exerciseLevel\":\"medium\",\"preferences\":\"\",\"allergies\":\"\",\"includeNutrition\":true,\"includeShoppingList\":true,\"includeCookingTips\":true}',NULL,'2025-12-05 07:59:51','2025-12-05 08:03:43'),(9,'task_1764921715488',1,'completed',100,7,7,'plan_1764921900522','{\"days\":7,\"goal\":\"maintain\",\"exerciseLevel\":\"medium\",\"preferences\":\"\",\"allergies\":\"\",\"includeNutrition\":true,\"includeShoppingList\":true,\"includeCookingTips\":true}',NULL,'2025-12-05 08:01:55','2025-12-05 08:05:01'),(10,'task_1764921813891',1,'completed',100,7,7,'plan_1764922045858','{\"days\":7,\"goal\":\"maintain\",\"exerciseLevel\":\"medium\",\"preferences\":\"\",\"allergies\":\"\",\"includeNutrition\":true,\"includeShoppingList\":true,\"includeCookingTips\":true}',NULL,'2025-12-05 08:03:34','2025-12-05 08:07:26'),(11,'task_1764921937042',1,'completed',100,7,7,'plan_1764922168756','{\"days\":7,\"goal\":\"maintain\",\"exerciseLevel\":\"medium\",\"preferences\":\"\",\"allergies\":\"\",\"includeNutrition\":true,\"includeShoppingList\":true,\"includeCookingTips\":true}',NULL,'2025-12-05 08:05:37','2025-12-05 08:09:29'),(17,'task_1764922773192',1,'cancelled',0,7,0,NULL,'{\"days\":7,\"goal\":\"maintain\",\"exerciseLevel\":\"medium\",\"preferences\":\"\",\"allergies\":\"\",\"includeNutrition\":true,\"includeShoppingList\":true,\"includeCookingTips\":true}',NULL,'2025-12-05 08:19:33','2025-12-05 08:19:55'),(18,'task_1764922819311',1,'completed',100,7,7,'plan_1764923125638','{\"days\":7,\"goal\":\"maintain\",\"exerciseLevel\":\"medium\",\"preferences\":\"\",\"allergies\":\"\",\"includeNutrition\":true,\"includeShoppingList\":true,\"includeCookingTips\":true}',NULL,'2025-12-05 08:20:19','2025-12-05 08:25:26'),(19,'task_1764923359078',1,'running',0,7,1,NULL,'{\"days\":7,\"goal\":\"maintain\",\"exerciseLevel\":\"medium\",\"preferences\":\"\",\"allergies\":\"\",\"includeNutrition\":true,\"includeShoppingList\":true,\"includeCookingTips\":true}',NULL,'2025-12-05 08:29:19','2025-12-05 08:29:19'),(20,'task_1764923542583',1,'cancelled',0,7,1,NULL,'{\"days\":7,\"goal\":\"maintain\",\"exerciseLevel\":\"medium\",\"preferences\":\"\",\"allergies\":\"\",\"includeNutrition\":true,\"includeShoppingList\":true,\"includeCookingTips\":true}',NULL,'2025-12-05 08:32:23','2025-12-05 08:32:42'),(21,'task_1764923753243',1,'cancelled',0,7,1,NULL,'{\"days\":7,\"goal\":\"maintain\",\"exerciseLevel\":\"medium\",\"preferences\":\"\",\"allergies\":\"\",\"includeNutrition\":true,\"includeShoppingList\":true,\"includeCookingTips\":true}',NULL,'2025-12-05 08:35:53','2025-12-05 08:36:09'),(22,'task_1764923928890',1,'cancelled',0,7,1,NULL,'{\"days\":7,\"goal\":\"maintain\",\"exerciseLevel\":\"medium\",\"preferences\":\"\",\"allergies\":\"\",\"includeNutrition\":true,\"includeShoppingList\":true,\"includeCookingTips\":true}',NULL,'2025-12-05 08:38:49','2025-12-05 08:39:01'),(23,'task_1764924059469',1,'cancelled',42,7,4,NULL,'{\"days\":7,\"goal\":\"maintain\",\"exerciseLevel\":\"medium\",\"preferences\":\"\",\"allergies\":\"\",\"includeNutrition\":true,\"includeShoppingList\":true,\"includeCookingTips\":true}',NULL,'2025-12-05 08:40:59','2025-12-05 08:43:04');
/*!40000 ALTER TABLE `diet_plan_tasks` ENABLE KEYS */;
UNLOCK TABLES;

--
-- Table structure for table `diet_plans`
--

DROP TABLE IF EXISTS `diet_plans`;
/*!40101 SET @saved_cs_client     = @@character_set_client */;
/*!50503 SET character_set_client = utf8mb4 */;
CREATE TABLE `diet_plans` (
  `id` bigint NOT NULL AUTO_INCREMENT COMMENT '计划ID',
  `user_id` bigint NOT NULL COMMENT '用户ID',
  `title` varchar(100) COLLATE utf8mb4_unicode_ci NOT NULL COMMENT '计划标题',
  `description` text COLLATE utf8mb4_unicode_ci COMMENT '计划描述',
  `plan_type` enum('weight_loss','muscle_gain','balanced','custom') COLLATE utf8mb4_unicode_ci NOT NULL COMMENT '计划类型',
  `duration_days` int NOT NULL COMMENT '计划天数',
  `daily_budget` decimal(10,2) DEFAULT NULL COMMENT '每日预算（元）',
  `plan_content` json NOT NULL COMMENT '计划内容（JSON结构）',
  `is_favorite` tinyint(1) NOT NULL DEFAULT '0' COMMENT '是否收藏',
  `status` enum('active','completed','cancelled') COLLATE utf8mb4_unicode_ci NOT NULL DEFAULT 'active' COMMENT '计划状态',
  `start_date` date DEFAULT NULL COMMENT '开始日期',
  `end_date` date DEFAULT NULL COMMENT '结束日期',
  `created_at` datetime NOT NULL DEFAULT CURRENT_TIMESTAMP COMMENT '创建时间',
  `updated_at` datetime NOT NULL DEFAULT CURRENT_TIMESTAMP ON UPDATE CURRENT_TIMESTAMP COMMENT '更新时间',
  PRIMARY KEY (`id`),
  KEY `idx_user_id` (`user_id`),
  KEY `idx_plan_type` (`plan_type`),
  KEY `idx_status` (`status`),
  KEY `idx_is_favorite` (`is_favorite`),
  KEY `idx_created_at` (`created_at`),
  CONSTRAINT `fk_plan_user` FOREIGN KEY (`user_id`) REFERENCES `users` (`id`) ON DELETE CASCADE
) ENGINE=InnoDB DEFAULT CHARSET=utf8mb4 COLLATE=utf8mb4_unicode_ci COMMENT='AI生成饮食计划表';
/*!40101 SET character_set_client = @saved_cs_client */;

--
-- Dumping data for table `diet_plans`
--

LOCK TABLES `diet_plans` WRITE;
/*!40000 ALTER TABLE `diet_plans` DISABLE KEYS */;
/*!40000 ALTER TABLE `diet_plans` ENABLE KEYS */;
UNLOCK TABLES;

--
-- Table structure for table `diet_records`
--

DROP TABLE IF EXISTS `diet_records`;
/*!40101 SET @saved_cs_client     = @@character_set_client */;
/*!50503 SET character_set_client = utf8mb4 */;
CREATE TABLE `diet_records` (
  `id` bigint NOT NULL AUTO_INCREMENT COMMENT '记录ID',
  `user_id` bigint NOT NULL COMMENT '用户ID',
  `record_date` date NOT NULL COMMENT '记录日期',
  `meal_type` enum('breakfast','lunch','dinner','snack') COLLATE utf8mb4_unicode_ci NOT NULL COMMENT '餐次',
  `meal_time` time DEFAULT NULL COMMENT '用餐时间',
  `food_items` json NOT NULL COMMENT '食物列表（JSON数组）',
  `total_calories` int DEFAULT NULL COMMENT '总热量（kcal）',
  `total_protein` decimal(8,2) DEFAULT NULL COMMENT '总蛋白质（g）',
  `total_carbs` decimal(8,2) DEFAULT NULL COMMENT '总碳水化合物（g）',
  `total_fat` decimal(8,2) DEFAULT NULL COMMENT '总脂肪（g）',
  `images` json DEFAULT NULL COMMENT '照片URL列表（JSON数组）',
  `notes` text COLLATE utf8mb4_unicode_ci COMMENT '备注',
  `created_at` datetime NOT NULL DEFAULT CURRENT_TIMESTAMP COMMENT '创建时间',
  `updated_at` datetime NOT NULL DEFAULT CURRENT_TIMESTAMP ON UPDATE CURRENT_TIMESTAMP COMMENT '更新时间',
  PRIMARY KEY (`id`),
  KEY `idx_user_date` (`user_id`,`record_date`),
  KEY `idx_meal_type` (`meal_type`),
  KEY `idx_created_at` (`created_at`),
  CONSTRAINT `fk_diet_user` FOREIGN KEY (`user_id`) REFERENCES `users` (`id`) ON DELETE CASCADE
) ENGINE=InnoDB DEFAULT CHARSET=utf8mb4 COLLATE=utf8mb4_unicode_ci COMMENT='饮食记录表';
/*!40101 SET character_set_client = @saved_cs_client */;

--
-- Dumping data for table `diet_records`
--

LOCK TABLES `diet_records` WRITE;
/*!40000 ALTER TABLE `diet_records` DISABLE KEYS */;
/*!40000 ALTER TABLE `diet_records` ENABLE KEYS */;
UNLOCK TABLES;

--
-- Table structure for table `favorites`
--

DROP TABLE IF EXISTS `favorites`;
/*!40101 SET @saved_cs_client     = @@character_set_client */;
/*!50503 SET character_set_client = utf8mb4 */;
CREATE TABLE `favorites` (
  `id` bigint NOT NULL AUTO_INCREMENT COMMENT '收藏ID',
  `user_id` bigint NOT NULL COMMENT '用户ID',
  `item_type` enum('diet_plan','recipe','food','chat_message') COLLATE utf8mb4_unicode_ci NOT NULL COMMENT '收藏类型',
  `item_id` bigint NOT NULL COMMENT '收藏项ID',
  `notes` text COLLATE utf8mb4_unicode_ci COMMENT '备注',
  `created_at` datetime NOT NULL DEFAULT CURRENT_TIMESTAMP COMMENT '创建时间',
  PRIMARY KEY (`id`),
  UNIQUE KEY `uk_user_item` (`user_id`,`item_type`,`item_id`),
  KEY `idx_item_type` (`item_type`),
  KEY `idx_created_at` (`created_at`),
  CONSTRAINT `fk_favorite_user` FOREIGN KEY (`user_id`) REFERENCES `users` (`id`) ON DELETE CASCADE
) ENGINE=InnoDB DEFAULT CHARSET=utf8mb4 COLLATE=utf8mb4_unicode_ci COMMENT='用户收藏表';
/*!40101 SET character_set_client = @saved_cs_client */;

--
-- Dumping data for table `favorites`
--

LOCK TABLES `favorites` WRITE;
/*!40000 ALTER TABLE `favorites` DISABLE KEYS */;
/*!40000 ALTER TABLE `favorites` ENABLE KEYS */;
UNLOCK TABLES;

--
-- Table structure for table `flyway_schema_history`
--

DROP TABLE IF EXISTS `flyway_schema_history`;
/*!40101 SET @saved_cs_client     = @@character_set_client */;
/*!50503 SET character_set_client = utf8mb4 */;
CREATE TABLE `flyway_schema_history` (
  `installed_rank` int NOT NULL,
  `version` varchar(50) COLLATE utf8mb4_unicode_ci DEFAULT NULL,
  `description` varchar(200) COLLATE utf8mb4_unicode_ci NOT NULL,
  `type` varchar(20) COLLATE utf8mb4_unicode_ci NOT NULL,
  `script` varchar(1000) COLLATE utf8mb4_unicode_ci NOT NULL,
  `checksum` int DEFAULT NULL,
  `installed_by` varchar(100) COLLATE utf8mb4_unicode_ci NOT NULL,
  `installed_on` timestamp NOT NULL DEFAULT CURRENT_TIMESTAMP,
  `execution_time` int NOT NULL,
  `success` tinyint(1) NOT NULL,
  PRIMARY KEY (`installed_rank`),
  KEY `flyway_schema_history_s_idx` (`success`)
) ENGINE=InnoDB DEFAULT CHARSET=utf8mb4 COLLATE=utf8mb4_unicode_ci;
/*!40101 SET character_set_client = @saved_cs_client */;

--
-- Dumping data for table `flyway_schema_history`
--

LOCK TABLES `flyway_schema_history` WRITE;
/*!40000 ALTER TABLE `flyway_schema_history` DISABLE KEYS */;
INSERT INTO `flyway_schema_history` VALUES (1,'1','<< Flyway Baseline >>','BASELINE','<< Flyway Baseline >>',NULL,'root','2025-12-03 06:16:53',0,1),(2,'5','Create Food Records Table','SQL','V5__Create_Food_Records_Table.sql',-1601675978,'root','2025-12-03 06:16:54',14,1),(3,'6','Create Member Tables','SQL','V6__Create_Member_Tables.sql',NULL,'root','2025-12-03 06:22:39',0,1),(4,'7','create food tables','SQL','V7__create_food_tables.sql',889647335,'root','2025-12-03 08:34:39',23,1),(5,'8','init food categories','SQL','V8__init_food_categories.sql',-455914640,'root','2025-12-03 08:50:58',31,1),(6,'9','init food data','SQL','V9__init_food_data.sql',1883822887,'root','2025-12-03 08:50:58',19,1),(7,'10','update food data','SQL','V10__update_food_data.sql',1551254713,'root','2025-12-03 08:50:58',37,1),(8,'11','Create food recognition history','SQL','V11__Create_food_recognition_history.sql',1782438989,'root','2025-12-04 12:45:21',29,1),(9,'12','create task and history tables','SQL','V12__create_task_and_history_tables.sql',-584251532,'root','2025-12-05 07:46:51',24,1);
/*!40000 ALTER TABLE `flyway_schema_history` ENABLE KEYS */;
UNLOCK TABLES;

--
-- Table structure for table `food_categories`
--

DROP TABLE IF EXISTS `food_categories`;
/*!40101 SET @saved_cs_client     = @@character_set_client */;
/*!50503 SET character_set_client = utf8mb4 */;
CREATE TABLE `food_categories` (
  `id` bigint NOT NULL AUTO_INCREMENT COMMENT '分类ID',
  `name` varchar(50) COLLATE utf8mb4_unicode_ci NOT NULL COMMENT '分类名称',
  `name_en` varchar(50) COLLATE utf8mb4_unicode_ci DEFAULT NULL COMMENT '英文名称',
  `parent_id` bigint DEFAULT NULL COMMENT '父分类ID',
  `icon` varchar(100) COLLATE utf8mb4_unicode_ci DEFAULT NULL COMMENT '分类图标',
  `sort_order` int NOT NULL DEFAULT '0' COMMENT '排序',
  `created_at` datetime NOT NULL DEFAULT CURRENT_TIMESTAMP COMMENT '创建时间',
  PRIMARY KEY (`id`),
  KEY `idx_parent_id` (`parent_id`),
  KEY `idx_sort_order` (`sort_order`)
) ENGINE=InnoDB AUTO_INCREMENT=9 DEFAULT CHARSET=utf8mb4 COLLATE=utf8mb4_unicode_ci COMMENT='食物分类表';
/*!40101 SET character_set_client = @saved_cs_client */;

--
-- Dumping data for table `food_categories`
--

LOCK TABLES `food_categories` WRITE;
/*!40000 ALTER TABLE `food_categories` DISABLE KEYS */;
INSERT INTO `food_categories` VALUES (1,'谷物类','Grains',NULL,'🌾',1,'2025-12-02 15:51:27'),(2,'蔬菜类','Vegetables',NULL,'🥬',2,'2025-12-02 15:51:27'),(3,'水果类','Fruits',NULL,'🍎',3,'2025-12-02 15:51:27'),(4,'肉类','Meat',NULL,'🥩',4,'2025-12-02 15:51:27'),(5,'水产类','Seafood',NULL,'🐟',5,'2025-12-02 15:51:27'),(6,'蛋奶类','Dairy',NULL,'🥛',6,'2025-12-02 15:51:27'),(7,'豆制品','Legumes',NULL,'🫘',7,'2025-12-02 15:51:27'),(8,'坚果类','Nuts',NULL,'🌰',8,'2025-12-02 15:51:27');
/*!40000 ALTER TABLE `food_categories` ENABLE KEYS */;
UNLOCK TABLES;

--
-- Table structure for table `food_category`
--

DROP TABLE IF EXISTS `food_category`;
/*!40101 SET @saved_cs_client     = @@character_set_client */;
/*!50503 SET character_set_client = utf8mb4 */;
CREATE TABLE `food_category` (
  `id` bigint NOT NULL AUTO_INCREMENT COMMENT '分类ID',
  `category_code` varchar(50) NOT NULL COMMENT '分类代码',
  `category_name` varchar(100) NOT NULL COMMENT '分类名称',
  `parent_id` bigint DEFAULT NULL COMMENT '父分类ID',
  `level` int DEFAULT '1' COMMENT '分类层级（1-3）',
  `sort_order` int DEFAULT '0' COMMENT '排序',
  `icon` varchar(200) DEFAULT NULL COMMENT '图标URL',
  `description` text COMMENT '描述',
  `created_at` timestamp NULL DEFAULT CURRENT_TIMESTAMP COMMENT '创建时间',
  `updated_at` timestamp NULL DEFAULT CURRENT_TIMESTAMP ON UPDATE CURRENT_TIMESTAMP COMMENT '更新时间',
  PRIMARY KEY (`id`),
  UNIQUE KEY `category_code` (`category_code`),
  KEY `idx_parent_id` (`parent_id`),
  KEY `idx_category_code` (`category_code`)
) ENGINE=InnoDB AUTO_INCREMENT=104 DEFAULT CHARSET=utf8mb4 COLLATE=utf8mb4_0900_ai_ci COMMENT='食材分类表';
/*!40101 SET character_set_client = @saved_cs_client */;

--
-- Dumping data for table `food_category`
--

LOCK TABLES `food_category` WRITE;
/*!40000 ALTER TABLE `food_category` DISABLE KEYS */;
INSERT INTO `food_category` VALUES (1,'CEREALS','谷薯类',NULL,1,1,NULL,'包括大米、面粉、杂粮、薯类等主食','2025-12-03 08:18:39','2025-12-03 08:18:39'),(2,'VEGETABLES','蔬菜类',NULL,1,2,NULL,'各种新鲜蔬菜、菌菇类','2025-12-03 08:18:39','2025-12-03 08:18:39'),(3,'FRUITS','水果类',NULL,1,3,NULL,'各种新鲜水果、干果','2025-12-03 08:18:39','2025-12-03 08:18:39'),(4,'MEAT','畜肉类',NULL,1,4,NULL,'猪肉、牛肉、羊肉等','2025-12-03 08:18:39','2025-12-03 08:18:39'),(5,'POULTRY','禽肉类',NULL,1,5,NULL,'鸡肉、鸭肉等禽类','2025-12-03 08:18:39','2025-12-03 08:18:39'),(6,'SEAFOOD','水产类',NULL,1,6,NULL,'鱼类、虾类、贝类等','2025-12-03 08:18:39','2025-12-03 08:18:39'),(7,'EGGS','蛋类',NULL,1,7,NULL,'鸡蛋、鸭蛋等','2025-12-03 08:18:39','2025-12-03 08:18:39'),(8,'DAIRY','奶类',NULL,1,8,NULL,'牛奶、酸奶、奶酪等','2025-12-03 08:18:39','2025-12-03 08:18:39'),(9,'BEANS','豆类',NULL,1,9,NULL,'大豆、豆制品等','2025-12-03 08:18:39','2025-12-03 08:18:39'),(10,'NUTS','坚果类',NULL,1,10,NULL,'核桃、杏仁、花生等','2025-12-03 08:18:39','2025-12-03 08:18:39'),(11,'OILS','油脂类',NULL,1,11,NULL,'食用油、黄油等','2025-12-03 08:18:39','2025-12-03 08:18:39'),(12,'BEVERAGES','饮品类',NULL,1,12,NULL,'茶、咖啡、果汁等','2025-12-03 08:18:39','2025-12-03 08:18:39'),(13,'CONDIMENTS','调味品',NULL,1,13,NULL,'盐、酱油、香料等','2025-12-03 08:18:39','2025-12-03 08:18:39'),(14,'PROCESSED','加工食品',NULL,1,14,NULL,'罐头、腌制品等','2025-12-03 08:18:39','2025-12-03 08:18:39'),(15,'SNACKS','零食类',NULL,1,15,NULL,'饼干、糖果、膨化食品等','2025-12-03 08:18:39','2025-12-03 08:18:39'),(16,'RICE','米类',1,2,1,NULL,'大米、糙米、黑米等','2025-12-03 08:18:39','2025-12-03 08:18:39'),(17,'FLOUR','面类',1,2,2,NULL,'面粉、面条、面包等','2025-12-03 08:18:39','2025-12-03 08:18:39'),(18,'GRAINS','杂粮',1,2,3,NULL,'小米、玉米、燕麦等','2025-12-03 08:18:39','2025-12-03 08:18:39'),(19,'POTATOES','薯类',1,2,4,NULL,'土豆、红薯、山药等','2025-12-03 08:18:39','2025-12-03 08:18:39'),(20,'LEAFY_VEGETABLES','叶菜类',2,2,1,NULL,'白菜、菠菜、生菜等','2025-12-03 08:18:40','2025-12-03 08:18:40'),(21,'ROOT_VEGETABLES','根茎类',2,2,2,NULL,'萝卜、胡萝卜、莲藕等','2025-12-03 08:18:40','2025-12-03 08:18:40'),(22,'FRUIT_VEGETABLES','瓜果类',2,2,3,NULL,'番茄、黄瓜、茄子等','2025-12-03 08:18:40','2025-12-03 08:18:40'),(23,'MUSHROOMS','菌菇类',2,2,4,NULL,'香菇、平菇、木耳等','2025-12-03 08:18:40','2025-12-03 08:18:40'),(24,'BEAN_VEGETABLES','豆类蔬菜',2,2,5,NULL,'豆角、豌豆、毛豆等','2025-12-03 08:18:40','2025-12-03 08:18:40'),(25,'CITRUS','柑橘类',3,2,1,NULL,'橙子、柚子、柠檬等','2025-12-03 08:18:40','2025-12-03 08:18:40'),(26,'BERRIES','浆果类',3,2,2,NULL,'草莓、蓝莓、葡萄等','2025-12-03 08:18:40','2025-12-03 08:18:40'),(27,'TROPICAL','热带水果',3,2,3,NULL,'香蕉、芒果、菠萝等','2025-12-03 08:18:40','2025-12-03 08:18:40'),(28,'STONE_FRUITS','核果类',3,2,4,NULL,'桃子、李子、樱桃等','2025-12-03 08:18:40','2025-12-03 08:18:40'),(29,'POME_FRUITS','仁果类',3,2,5,NULL,'苹果、梨等','2025-12-03 08:18:40','2025-12-03 08:18:40'),(30,'MELON','瓜类',3,2,6,NULL,'西瓜、哈密瓜等','2025-12-03 08:18:40','2025-12-03 08:18:40'),(31,'PORK','猪肉',4,2,1,NULL,'猪肉及制品','2025-12-03 08:18:40','2025-12-03 08:18:40'),(32,'BEEF','牛肉',4,2,2,NULL,'牛肉及制品','2025-12-03 08:18:40','2025-12-03 08:18:40'),(33,'LAMB','羊肉',4,2,3,NULL,'羊肉及制品','2025-12-03 08:18:40','2025-12-03 08:18:40'),(34,'CHICKEN','鸡肉',5,2,1,NULL,'鸡肉及制品','2025-12-03 08:18:40','2025-12-03 08:18:40'),(35,'DUCK','鸭肉',5,2,2,NULL,'鸭肉及制品','2025-12-03 08:18:40','2025-12-03 08:18:40'),(36,'OTHER_POULTRY','其他禽类',5,2,3,NULL,'鹅肉、鸽肉等','2025-12-03 08:18:40','2025-12-03 08:18:40'),(37,'FISH','鱼类',6,2,1,NULL,'各种淡水鱼、海水鱼','2025-12-03 08:18:40','2025-12-03 08:18:40'),(38,'SHRIMP','虾类',6,2,2,NULL,'对虾、基围虾等','2025-12-03 08:18:40','2025-12-03 08:18:40'),(39,'CRAB','蟹类',6,2,3,NULL,'梭子蟹、大闸蟹等','2025-12-03 08:18:40','2025-12-03 08:18:40'),(40,'SHELLFISH','贝类',6,2,4,NULL,'蛤蜊、扇贝等','2025-12-03 08:18:40','2025-12-03 08:18:40'),(41,'SEAWEED','海藻类',6,2,5,NULL,'海带、紫菜等','2025-12-03 08:18:40','2025-12-03 08:18:40'),(42,'SOYBEANS','大豆类',9,2,1,NULL,'黄豆、黑豆等','2025-12-03 08:18:40','2025-12-03 08:18:40'),(43,'TOFU','豆制品',9,2,2,NULL,'豆腐、豆浆、豆干等','2025-12-03 08:18:40','2025-12-03 08:18:40'),(44,'OTHER_BEANS','其他豆类',9,2,3,NULL,'绿豆、红豆等','2025-12-03 08:18:40','2025-12-03 08:18:40'),(45,'MILK','鲜奶',8,2,1,NULL,'纯牛奶、脱脂奶等','2025-12-03 08:18:40','2025-12-03 08:18:40'),(46,'YOGURT','酸奶',8,2,2,NULL,'各种酸奶、乳酸菌饮料','2025-12-03 08:18:40','2025-12-03 08:18:40'),(47,'CHEESE','奶酪',8,2,3,NULL,'各种奶酪制品','2025-12-03 08:18:40','2025-12-03 08:18:40'),(48,'TREE_NUTS','树坚果',10,2,1,NULL,'核桃、杏仁、腰果等','2025-12-03 08:18:40','2025-12-03 08:18:40'),(49,'PEANUTS','花生',10,2,2,NULL,'花生及花生制品','2025-12-03 08:18:40','2025-12-03 08:18:40'),(50,'SEEDS','种子类',10,2,3,NULL,'瓜子、芝麻等','2025-12-03 08:18:40','2025-12-03 08:18:40');
/*!40000 ALTER TABLE `food_category` ENABLE KEYS */;
UNLOCK TABLES;

--
-- Table structure for table `food_nutrition`
--

DROP TABLE IF EXISTS `food_nutrition`;
/*!40101 SET @saved_cs_client     = @@character_set_client */;
/*!50503 SET character_set_client = utf8mb4 */;
CREATE TABLE `food_nutrition` (
  `id` bigint NOT NULL AUTO_INCREMENT COMMENT '食材ID',
  `food_code` varchar(50) NOT NULL COMMENT '食材代码',
  `food_name` varchar(200) NOT NULL COMMENT '食材名称',
  `food_name_en` varchar(200) DEFAULT NULL COMMENT '英文名称',
  `category_id` bigint NOT NULL COMMENT '分类ID',
  `edible_portion` decimal(5,2) DEFAULT '100.00' COMMENT '可食部分（%）',
  `energy` decimal(10,2) DEFAULT '0.00' COMMENT '能量（kcal）',
  `protein` decimal(10,2) DEFAULT '0.00' COMMENT '蛋白质（g）',
  `fat` decimal(10,2) DEFAULT '0.00' COMMENT '脂肪（g）',
  `carbohydrate` decimal(10,2) DEFAULT '0.00' COMMENT '碳水化合物（g）',
  `dietary_fiber` decimal(10,2) DEFAULT '0.00' COMMENT '膳食纤维（g）',
  `vitamin_a` decimal(10,2) DEFAULT '0.00' COMMENT '维生素A（μg）',
  `vitamin_b1` decimal(10,2) DEFAULT '0.00' COMMENT '维生素B1（mg）',
  `vitamin_b2` decimal(10,2) DEFAULT '0.00' COMMENT '维生素B2（mg）',
  `vitamin_c` decimal(10,2) DEFAULT '0.00' COMMENT '维生素C（mg）',
  `vitamin_e` decimal(10,2) DEFAULT '0.00' COMMENT '维生素E（mg）',
  `calcium` decimal(10,2) DEFAULT '0.00' COMMENT '钙（mg）',
  `phosphorus` decimal(10,2) DEFAULT '0.00' COMMENT '磷（mg）',
  `potassium` decimal(10,2) DEFAULT '0.00' COMMENT '钾（mg）',
  `sodium` decimal(10,2) DEFAULT '0.00' COMMENT '钠（mg）',
  `magnesium` decimal(10,2) DEFAULT '0.00' COMMENT '镁（mg）',
  `iron` decimal(10,2) DEFAULT '0.00' COMMENT '铁（mg）',
  `zinc` decimal(10,2) DEFAULT '0.00' COMMENT '锌（mg）',
  `selenium` decimal(10,2) DEFAULT '0.00' COMMENT '硒（μg）',
  `cholesterol` decimal(10,2) DEFAULT '0.00' COMMENT '胆固醇（mg）',
  `water` decimal(10,2) DEFAULT '0.00' COMMENT '水分（g）',
  `tags` varchar(500) DEFAULT NULL COMMENT '标签（JSON数组）',
  `season` varchar(100) DEFAULT NULL COMMENT '季节（春/夏/秋/冬）',
  `storage_method` varchar(200) DEFAULT NULL COMMENT '储存方法',
  `cooking_methods` varchar(500) DEFAULT NULL COMMENT '烹饪方法（JSON数组）',
  `health_benefits` text COMMENT '健康益处',
  `suitable_people` varchar(500) DEFAULT NULL COMMENT '适宜人群',
  `unsuitable_people` varchar(500) DEFAULT NULL COMMENT '不适宜人群',
  `search_keywords` varchar(500) DEFAULT NULL COMMENT '搜索关键词',
  `pinyin` varchar(200) DEFAULT NULL COMMENT '拼音',
  `data_source` varchar(100) DEFAULT NULL COMMENT '数据来源',
  `reference_url` varchar(500) DEFAULT NULL COMMENT '参考链接',
  `status` varchar(20) DEFAULT 'ACTIVE' COMMENT '状态（ACTIVE/INACTIVE）',
  `is_verified` tinyint(1) DEFAULT '0' COMMENT '是否已验证',
  `created_at` timestamp NULL DEFAULT CURRENT_TIMESTAMP COMMENT '创建时间',
  `updated_at` timestamp NULL DEFAULT CURRENT_TIMESTAMP ON UPDATE CURRENT_TIMESTAMP COMMENT '更新时间',
  PRIMARY KEY (`id`),
  UNIQUE KEY `food_code` (`food_code`),
  KEY `idx_category_id` (`category_id`),
  KEY `idx_food_code` (`food_code`),
  KEY `idx_food_name` (`food_name`),
  KEY `idx_status` (`status`),
  FULLTEXT KEY `ft_search` (`food_name`,`search_keywords`,`pinyin`) COMMENT '全文搜索索引',
  CONSTRAINT `food_nutrition_ibfk_1` FOREIGN KEY (`category_id`) REFERENCES `food_category` (`id`) ON DELETE RESTRICT
) ENGINE=InnoDB AUTO_INCREMENT=65 DEFAULT CHARSET=utf8mb4 COLLATE=utf8mb4_0900_ai_ci COMMENT='食材营养数据表';
/*!40101 SET character_set_client = @saved_cs_client */;

--
-- Dumping data for table `food_nutrition`
--

LOCK TABLES `food_nutrition` WRITE;
/*!40000 ALTER TABLE `food_nutrition` DISABLE KEYS */;
INSERT INTO `food_nutrition` VALUES (1,'RICE_001','大米','Rice',16,100.00,346.00,7.40,0.80,77.90,0.70,0.00,0.11,0.05,0.00,0.00,13.00,110.00,0.00,0.00,0.00,1.30,0.00,0.00,0.00,13.30,NULL,'四季',NULL,NULL,'提供能量，易消化吸收','一般人群',NULL,'米饭,白米,粳米','dami','中国食物成分表',NULL,'ACTIVE',1,'2025-12-03 08:18:54','2025-12-03 08:50:58'),(2,'RICE_002','糙米','Brown Rice',16,100.00,348.00,7.70,2.70,77.40,3.90,0.00,0.41,0.10,0.00,0.00,14.00,297.00,0.00,0.00,0.00,2.30,0.00,0.00,0.00,12.50,NULL,'四季',NULL,NULL,'富含膳食纤维，有助于控制血糖','糖尿病患者,减肥人群',NULL,'粗米,全米','zaomi','中国食物成分表',NULL,'ACTIVE',1,'2025-12-03 08:18:54','2025-12-03 08:50:58'),(3,'FLOUR_001','小麦粉（标准粉）','Wheat Flour',17,100.00,349.00,11.20,1.50,74.30,2.00,0.00,0.28,0.08,0.00,0.00,31.00,188.00,0.00,0.00,0.00,3.50,0.00,0.00,0.00,12.00,NULL,'四季',NULL,NULL,'提供能量和蛋白质','一般人群',NULL,'面粉,白面','xiaomaifeng','中国食物成分表',NULL,'ACTIVE',1,'2025-12-03 08:18:54','2025-12-03 08:18:54'),(4,'GRAINS_001','燕麦','Oats',18,100.00,367.00,15.00,6.70,66.90,5.30,0.00,0.30,0.14,0.00,0.00,186.00,291.00,0.00,0.00,0.00,7.00,0.00,0.00,0.00,10.00,NULL,'四季',NULL,NULL,'降低胆固醇，稳定血糖，富含β-葡聚糖','心血管疾病患者,糖尿病患者',NULL,'麦片,燕麦片','yanmai','中国食物成分表',NULL,'ACTIVE',1,'2025-12-03 08:18:54','2025-12-03 08:18:54'),(5,'GRAINS_002','玉米（鲜）','Sweet Corn',18,100.00,106.00,4.00,1.20,22.80,2.90,0.00,0.16,0.11,0.00,0.00,5.00,117.00,0.00,0.00,0.00,1.10,0.00,0.00,0.00,69.60,NULL,'夏秋',NULL,NULL,'富含膳食纤维和维生素E','一般人群',NULL,'嫩玉米,甜玉米','yumi','中国食物成分表',NULL,'ACTIVE',1,'2025-12-03 08:18:54','2025-12-03 08:18:54'),(6,'POTATOES_001','红薯','Sweet Potato',19,100.00,99.00,1.10,0.20,24.70,1.60,0.00,0.04,0.04,0.00,0.00,18.00,39.00,0.00,0.00,0.00,0.50,0.00,0.00,0.00,72.80,NULL,'秋冬',NULL,NULL,'富含膳食纤维和β-胡萝卜素，促进肠道蠕动','一般人群,便秘患者',NULL,'地瓜,山芋,番薯','hongshu','中国食物成分表',NULL,'ACTIVE',1,'2025-12-03 08:18:54','2025-12-03 08:18:54'),(7,'POTATOES_002','土豆','Potato',19,100.00,76.00,2.00,0.20,17.20,0.70,0.00,0.08,0.04,0.00,0.00,8.00,40.00,0.00,0.00,0.00,0.80,0.00,0.00,0.00,78.60,NULL,'四季',NULL,NULL,'提供能量，富含钾','一般人群',NULL,'马铃薯,洋芋','tudou','中国食物成分表',NULL,'ACTIVE',1,'2025-12-03 08:18:54','2025-12-03 08:18:54'),(8,'VEG_001','大白菜','Chinese Cabbage',20,100.00,15.00,1.50,0.20,3.20,1.00,20.00,0.00,0.00,31.00,0.00,50.00,0.00,130.00,0.00,0.00,0.70,0.00,0.00,0.00,94.70,NULL,'冬春',NULL,NULL,'低热量，富含维生素C和膳食纤维','一般人群,减肥人群',NULL,'白菜,包菜','dabaicai','中国食物成分表',NULL,'ACTIVE',1,'2025-12-03 08:18:54','2025-12-03 08:18:54'),(9,'VEG_002','菠菜','Spinach',20,100.00,24.00,2.60,0.30,4.50,1.70,487.00,0.00,0.00,32.00,0.00,66.00,0.00,311.00,0.00,0.00,2.90,0.00,0.00,0.00,91.20,NULL,'春秋',NULL,NULL,'富含铁质和叶酸，补血佳品','贫血患者,孕妇',NULL,'菠菜,波斯菜','bocai','中国食物成分表',NULL,'ACTIVE',1,'2025-12-03 08:18:54','2025-12-03 08:18:54'),(10,'VEG_003','西红柿','Tomato',22,100.00,19.00,0.90,0.20,4.00,0.50,92.00,0.00,0.00,19.00,0.00,10.00,0.00,163.00,0.00,0.00,0.50,0.00,0.00,0.00,94.00,NULL,'夏秋',NULL,NULL,'富含番茄红素，抗氧化','一般人群',NULL,'番茄,洋柿子','xihongshi','中国食物成分表',NULL,'ACTIVE',1,'2025-12-03 08:18:54','2025-12-03 08:18:54'),(11,'VEG_004','黄瓜','Cucumber',22,100.00,15.00,0.80,0.20,2.90,0.50,15.00,0.00,0.00,9.00,0.00,24.00,0.00,102.00,0.00,0.00,0.50,0.00,0.00,0.00,95.80,NULL,'夏',NULL,NULL,'清热解毒，补水利尿','一般人群,减肥人群',NULL,'青瓜','huanggua','中国食物成分表',NULL,'ACTIVE',1,'2025-12-03 08:18:54','2025-12-03 08:18:54'),(12,'VEG_005','胡萝卜','Carrot',21,100.00,37.00,1.00,0.20,8.80,3.20,688.00,0.00,0.00,13.00,0.00,32.00,0.00,190.00,0.00,0.00,1.00,0.00,0.00,0.00,89.00,NULL,'秋冬',NULL,NULL,'富含β-胡萝卜素，保护视力','一般人群',NULL,'红萝卜','huluobo','中国食物成分表',NULL,'ACTIVE',1,'2025-12-03 08:18:54','2025-12-03 08:18:54'),(13,'VEG_006','西兰花','Broccoli',22,100.00,36.00,4.10,0.60,6.60,3.60,7210.00,0.00,0.00,51.00,0.00,67.00,0.00,340.00,0.00,0.00,1.00,0.00,0.00,0.00,89.20,NULL,'秋冬春',NULL,NULL,'富含维生素C和K，抗癌佳品','一般人群',NULL,'绿花菜,青花菜','xilanhua','中国食物成分表',NULL,'ACTIVE',1,'2025-12-03 08:18:54','2025-12-03 08:18:54'),(14,'FRUIT_001','苹果','Apple',29,100.00,53.00,0.20,0.20,13.70,1.20,0.00,0.00,0.00,4.00,0.00,4.00,0.00,119.00,0.00,0.00,0.00,0.00,0.00,0.00,85.00,NULL,'秋',NULL,NULL,'富含膳食纤维和维生素C','一般人群',NULL,'平果','pingguo','中国食物成分表',NULL,'ACTIVE',1,'2025-12-03 08:18:54','2025-12-03 08:18:54'),(15,'FRUIT_002','香蕉','Banana',27,100.00,91.00,1.40,0.20,22.00,1.20,0.00,0.00,0.00,8.00,0.00,7.00,0.00,256.00,0.00,0.00,0.00,0.00,0.00,0.00,75.00,NULL,'四季',NULL,NULL,'快速补充能量，富含钾','一般人群,运动人群',NULL,'芭蕉','xiangjiao','中国食物成分表',NULL,'ACTIVE',1,'2025-12-03 08:18:54','2025-12-03 08:18:54'),(16,'FRUIT_003','橙子','Orange',25,100.00,48.00,0.80,0.20,11.10,0.60,0.00,0.00,0.00,33.00,0.00,20.00,0.00,159.00,0.00,0.00,0.00,0.00,0.00,0.00,87.00,NULL,'冬春',NULL,NULL,'富含维生素C，增强免疫力','一般人群',NULL,'甜橙,柑橘','chengzi','中国食物成分表',NULL,'ACTIVE',1,'2025-12-03 08:18:54','2025-12-03 08:18:54'),(17,'FRUIT_004','草莓','Strawberry',26,100.00,32.00,1.00,0.20,7.10,1.10,0.00,0.00,0.00,47.00,0.00,18.00,0.00,131.00,0.00,0.00,0.00,0.00,0.00,0.00,91.00,NULL,'春',NULL,NULL,'富含维生素C和抗氧化物','一般人群',NULL,'红莓','caomei','中国食物成分表',NULL,'ACTIVE',1,'2025-12-03 08:18:54','2025-12-03 08:18:54'),(18,'FRUIT_005','西瓜','Watermelon',30,100.00,31.00,0.60,0.10,7.90,0.30,0.00,0.00,0.00,6.00,0.00,8.00,0.00,87.00,0.00,0.00,0.00,0.00,0.00,0.00,91.00,NULL,'夏',NULL,NULL,'补水解暑，利尿','一般人群',NULL,'寒瓜','xigua','中国食物成分表',NULL,'ACTIVE',1,'2025-12-03 08:18:54','2025-12-03 08:18:54'),(19,'CHICKEN_001','鸡胸肉','Chicken Breast',34,100.00,133.00,19.40,5.00,2.50,0.00,0.00,0.05,0.09,0.00,0.00,9.00,156.00,0.00,0.00,0.00,1.30,1.09,0.00,58.00,72.00,NULL,NULL,NULL,NULL,'高蛋白低脂肪，健身佳品','一般人群,健身人群','痛风患者应适量','鸡脯肉','jixiongrou','中国食物成分表',NULL,'ACTIVE',1,'2025-12-03 08:18:54','2025-12-03 08:18:54'),(20,'PORK_001','猪瘦肉','Lean Pork',31,100.00,143.00,20.30,6.20,1.50,0.00,0.00,0.54,0.16,0.00,0.00,6.00,162.00,0.00,0.00,0.00,3.00,2.88,0.00,81.00,70.00,NULL,NULL,NULL,NULL,'富含优质蛋白和铁','一般人群','高血脂患者应少食','猪里脊','zhushourou','中国食物成分表',NULL,'ACTIVE',1,'2025-12-03 08:18:54','2025-12-03 08:18:54'),(21,'BEEF_001','牛肉','Beef',32,100.00,125.00,20.10,4.20,2.00,0.00,0.00,0.07,0.18,0.00,0.00,9.00,172.00,0.00,0.00,0.00,2.80,4.73,0.00,58.00,72.60,NULL,NULL,NULL,NULL,'富含优质蛋白和铁，补血佳品','贫血患者,健身人群','痛风患者应少食','牛瘦肉','niurou','中国食物成分表',NULL,'ACTIVE',1,'2025-12-03 08:18:54','2025-12-03 08:18:54'),(22,'FISH_001','鲈鱼','Sea Bass',37,100.00,105.00,18.60,3.40,0.00,0.00,19.00,0.00,0.00,0.00,0.75,138.00,242.00,205.00,0.00,0.00,0.00,0.00,33.10,86.00,77.00,NULL,NULL,NULL,NULL,'富含DHA和EPA，有益心脑血管','一般人群,孕妇',NULL,'花鲈,七星鲈','luyu','中国食物成分表',NULL,'ACTIVE',1,'2025-12-03 08:18:54','2025-12-03 08:18:54'),(23,'SHRIMP_001','虾','Shrimp',38,100.00,93.00,18.60,1.00,2.80,0.00,15.00,0.00,0.00,0.00,0.62,62.00,228.00,215.00,0.00,0.00,0.00,0.00,29.70,193.00,76.00,NULL,NULL,NULL,NULL,'高蛋白低脂肪，富含矿物质','一般人群',NULL,'对虾,明虾','xia','中国食物成分表',NULL,'ACTIVE',1,'2025-12-03 08:18:54','2025-12-03 08:18:54'),(24,'TOFU_001','豆腐','Tofu',43,100.00,81.00,8.10,3.70,4.20,0.40,0.00,0.00,0.00,0.00,0.00,164.00,119.00,125.00,0.00,0.00,1.90,0.00,0.00,0.00,82.80,NULL,NULL,NULL,NULL,'富含优质植物蛋白和钙','一般人群,素食者',NULL,'黄豆腐','doufu','中国食物成分表',NULL,'ACTIVE',1,'2025-12-03 08:19:36','2025-12-03 08:19:36'),(25,'SOYBEANS_001','黄豆','Soybean',42,100.00,359.00,35.00,16.00,34.20,15.50,0.00,0.00,0.00,0.00,0.00,191.00,465.00,1503.00,0.00,0.00,8.20,0.00,0.00,0.00,10.00,NULL,NULL,NULL,NULL,'富含蛋白质和异黄酮','一般人群',NULL,'大豆','huangdou','中国食物成分表',NULL,'ACTIVE',1,'2025-12-03 08:19:36','2025-12-03 08:19:36'),(26,'NUTS_001','核桃','Walnut',48,100.00,646.00,14.90,58.80,19.10,9.50,0.00,0.00,0.00,0.00,43.21,56.00,0.00,0.00,0.00,131.00,0.00,3.12,0.00,0.00,3.50,NULL,NULL,NULL,NULL,'富含不饱和脂肪酸，健脑益智','一般人群','肥胖者应少食','胡桃','hetao','中国食物成分表',NULL,'ACTIVE',1,'2025-12-03 08:19:45','2025-12-03 08:19:45'),(27,'NUTS_002','杏仁','Almond',48,100.00,578.00,21.30,50.60,20.50,11.80,0.00,0.00,0.00,0.00,25.63,248.00,0.00,0.00,0.00,275.00,0.00,3.36,0.00,0.00,4.70,NULL,NULL,NULL,NULL,'富含维生素E，抗氧化','一般人群','肥胖者应少食','巴旦木','xingren','中国食物成分表',NULL,'ACTIVE',1,'2025-12-03 08:19:45','2025-12-03 08:19:45'),(28,'EGG_001','鸡蛋','Egg',7,100.00,147.00,13.30,8.80,2.80,0.00,234.00,0.00,0.27,0.00,0.00,56.00,130.00,0.00,0.00,0.00,2.00,0.00,0.00,585.00,71.50,NULL,NULL,NULL,NULL,'营养全面，蛋白质优质','一般人群','高胆固醇患者应适量','鸡子','jidan','中国食物成分表',NULL,'ACTIVE',1,'2025-12-03 08:22:43','2025-12-03 08:22:43'),(29,'MILK_001','纯牛奶','Milk',45,100.00,54.00,3.00,3.20,3.40,0.00,24.00,0.00,0.14,0.00,0.00,104.00,73.00,0.00,0.00,0.00,0.00,0.00,0.00,0.00,87.50,NULL,NULL,NULL,NULL,'富含优质蛋白和钙','一般人群,儿童,老人',NULL,'鲜奶','chuniunai','中国食物成分表',NULL,'ACTIVE',1,'2025-12-03 08:22:43','2025-12-03 08:22:43'),(30,'YOGURT_001','酸奶','Yogurt',46,100.00,72.00,2.50,2.70,9.30,0.00,26.00,0.00,0.15,0.00,0.00,118.00,85.00,0.00,0.00,0.00,0.00,0.00,0.00,0.00,84.40,NULL,NULL,NULL,NULL,'促进消化，富含益生菌','一般人群,便秘患者',NULL,'乳酪,优格','suannai','中国食物成分表',NULL,'ACTIVE',1,'2025-12-03 08:22:43','2025-12-03 08:22:43');
/*!40000 ALTER TABLE `food_nutrition` ENABLE KEYS */;
UNLOCK TABLES;

--
-- Table structure for table `food_portion_reference`
--

DROP TABLE IF EXISTS `food_portion_reference`;
/*!40101 SET @saved_cs_client     = @@character_set_client */;
/*!50503 SET character_set_client = utf8mb4 */;
CREATE TABLE `food_portion_reference` (
  `id` bigint NOT NULL AUTO_INCREMENT COMMENT 'ID',
  `food_id` bigint NOT NULL COMMENT '食材ID',
  `portion_name` varchar(100) NOT NULL COMMENT '份量名称（如：一个、一碗、一份）',
  `portion_weight` decimal(10,2) NOT NULL COMMENT '份量重量（g）',
  `description` varchar(200) DEFAULT NULL COMMENT '描述',
  `created_at` timestamp NULL DEFAULT CURRENT_TIMESTAMP COMMENT '创建时间',
  PRIMARY KEY (`id`),
  KEY `idx_food_id` (`food_id`),
  CONSTRAINT `food_portion_reference_ibfk_1` FOREIGN KEY (`food_id`) REFERENCES `food_nutrition` (`id`) ON DELETE CASCADE
) ENGINE=InnoDB DEFAULT CHARSET=utf8mb4 COLLATE=utf8mb4_0900_ai_ci COMMENT='食材份量参考表';
/*!40101 SET character_set_client = @saved_cs_client */;

--
-- Dumping data for table `food_portion_reference`
--

LOCK TABLES `food_portion_reference` WRITE;
/*!40000 ALTER TABLE `food_portion_reference` DISABLE KEYS */;
/*!40000 ALTER TABLE `food_portion_reference` ENABLE KEYS */;
UNLOCK TABLES;

--
-- Table structure for table `food_recognition_history`
--

DROP TABLE IF EXISTS `food_recognition_history`;
/*!40101 SET @saved_cs_client     = @@character_set_client */;
/*!50503 SET character_set_client = utf8mb4 */;
CREATE TABLE `food_recognition_history` (
  `id` bigint NOT NULL AUTO_INCREMENT COMMENT '主键ID',
  `user_id` bigint NOT NULL COMMENT '用户ID',
  `recognition_type` varchar(20) COLLATE utf8mb4_unicode_ci DEFAULT 'TEXT' COMMENT '识别方式：TEXT-文本识别, IMAGE-图片识别',
  `input_text` varchar(200) COLLATE utf8mb4_unicode_ci DEFAULT NULL COMMENT '输入的文本内容（文本识别时使用）',
  `image_url` varchar(500) COLLATE utf8mb4_unicode_ci DEFAULT NULL COMMENT '图片URL',
  `recognition_result` json DEFAULT NULL COMMENT '识别结果（JSON格式）',
  `created_at` timestamp NULL DEFAULT CURRENT_TIMESTAMP COMMENT '创建时间',
  PRIMARY KEY (`id`),
  KEY `idx_user_id` (`user_id`),
  KEY `idx_created_at` (`created_at`),
  KEY `idx_recognition_type` (`recognition_type`)
) ENGINE=InnoDB AUTO_INCREMENT=5 DEFAULT CHARSET=utf8mb4 COLLATE=utf8mb4_unicode_ci COMMENT='食物识别历史记录';
/*!40101 SET character_set_client = @saved_cs_client */;

--
-- Dumping data for table `food_recognition_history`
--

LOCK TABLES `food_recognition_history` WRITE;
/*!40000 ALTER TABLE `food_recognition_history` DISABLE KEYS */;
INSERT INTO `food_recognition_history` VALUES (2,1,'TEXT',NULL,NULL,'{\"foods\": [{\"name\": \"苹果\", \"nutrition\": {\"fat\": 0.2, \"energy\": 52.0, \"source\": \"estimated\", \"protein\": 0.3, \"carbohydrate\": 13.8}, \"confidence\": 0.75}], \"totalCount\": 1, \"recognitionTime\": 1445}','2025-12-04 12:55:35');
/*!40000 ALTER TABLE `food_recognition_history` ENABLE KEYS */;
UNLOCK TABLES;

--
-- Table structure for table `food_records`
--

DROP TABLE IF EXISTS `food_records`;
/*!40101 SET @saved_cs_client     = @@character_set_client */;
/*!50503 SET character_set_client = utf8mb4 */;
CREATE TABLE `food_records` (
  `id` bigint NOT NULL AUTO_INCREMENT COMMENT '记录ID',
  `user_id` bigint NOT NULL COMMENT '用户ID',
  `meal_type` varchar(20) COLLATE utf8mb4_unicode_ci NOT NULL COMMENT '餐次类型：BREAKFAST/LUNCH/DINNER/SNACK',
  `food_name` varchar(100) COLLATE utf8mb4_unicode_ci NOT NULL COMMENT '食物名称',
  `photo_url` varchar(500) COLLATE utf8mb4_unicode_ci DEFAULT NULL COMMENT '食物照片URL',
  `portion` decimal(8,2) DEFAULT NULL COMMENT '份量（克）',
  `calories` decimal(8,2) DEFAULT NULL COMMENT '卡路里（千卡）',
  `protein` decimal(8,2) DEFAULT NULL COMMENT '蛋白质（克）',
  `carbohydrates` decimal(8,2) DEFAULT NULL COMMENT '碳水化合物（克）',
  `fat` decimal(8,2) DEFAULT NULL COMMENT '脂肪（克）',
  `fiber` decimal(8,2) DEFAULT NULL COMMENT '纤维（克）',
  `record_time` datetime NOT NULL COMMENT '记录时间',
  `notes` varchar(500) COLLATE utf8mb4_unicode_ci DEFAULT NULL COMMENT '备注',
  `created_at` timestamp NULL DEFAULT CURRENT_TIMESTAMP COMMENT '创建时间',
  `updated_at` timestamp NULL DEFAULT CURRENT_TIMESTAMP ON UPDATE CURRENT_TIMESTAMP COMMENT '更新时间',
  PRIMARY KEY (`id`),
  KEY `idx_user_id` (`user_id`),
  KEY `idx_record_time` (`record_time`),
  KEY `idx_user_meal` (`user_id`,`meal_type`),
  KEY `idx_user_time` (`user_id`,`record_time`),
  CONSTRAINT `fk_food_record_user` FOREIGN KEY (`user_id`) REFERENCES `users` (`id`) ON DELETE CASCADE
) ENGINE=InnoDB AUTO_INCREMENT=15 DEFAULT CHARSET=utf8mb4 COLLATE=utf8mb4_unicode_ci COMMENT='饮食记录表';
/*!40101 SET character_set_client = @saved_cs_client */;

--
-- Dumping data for table `food_records`
--

LOCK TABLES `food_records` WRITE;
/*!40000 ALTER TABLE `food_records` DISABLE KEYS */;
/*!40000 ALTER TABLE `food_records` ENABLE KEYS */;
UNLOCK TABLES;

--
-- Table structure for table `food_search_log`
--

DROP TABLE IF EXISTS `food_search_log`;
/*!40101 SET @saved_cs_client     = @@character_set_client */;
/*!50503 SET character_set_client = utf8mb4 */;
CREATE TABLE `food_search_log` (
  `id` bigint NOT NULL AUTO_INCREMENT COMMENT 'ID',
  `user_id` bigint DEFAULT NULL COMMENT '用户ID',
  `search_keyword` varchar(200) NOT NULL COMMENT '搜索关键词',
  `result_count` int DEFAULT '0' COMMENT '结果数量',
  `clicked_food_id` bigint DEFAULT NULL COMMENT '点击的食材ID',
  `search_time` timestamp NULL DEFAULT CURRENT_TIMESTAMP COMMENT '搜索时间',
  PRIMARY KEY (`id`),
  KEY `idx_user_id` (`user_id`),
  KEY `idx_search_keyword` (`search_keyword`),
  KEY `idx_search_time` (`search_time`)
) ENGINE=InnoDB DEFAULT CHARSET=utf8mb4 COLLATE=utf8mb4_0900_ai_ci COMMENT='食材搜索日志表';
/*!40101 SET character_set_client = @saved_cs_client */;

--
-- Dumping data for table `food_search_log`
--

LOCK TABLES `food_search_log` WRITE;
/*!40000 ALTER TABLE `food_search_log` DISABLE KEYS */;
/*!40000 ALTER TABLE `food_search_log` ENABLE KEYS */;
UNLOCK TABLES;

--
-- Table structure for table `growth_records`
--

DROP TABLE IF EXISTS `growth_records`;
/*!40101 SET @saved_cs_client     = @@character_set_client */;
/*!50503 SET character_set_client = utf8mb4 */;
CREATE TABLE `growth_records` (
  `id` bigint NOT NULL AUTO_INCREMENT COMMENT '记录ID',
  `member_id` bigint NOT NULL COMMENT '会员ID',
  `user_id` bigint NOT NULL COMMENT '用户ID',
  `growth_value` int NOT NULL COMMENT '成长值',
  `growth_type` varchar(50) COLLATE utf8mb4_unicode_ci NOT NULL COMMENT '成长值类型',
  `description` varchar(255) COLLATE utf8mb4_unicode_ci DEFAULT NULL COMMENT '描述',
  `related_id` bigint DEFAULT NULL COMMENT '关联业务ID',
  `created_at` timestamp NULL DEFAULT CURRENT_TIMESTAMP COMMENT '创建时间',
  PRIMARY KEY (`id`),
  KEY `idx_member_id` (`member_id`),
  KEY `idx_user_id` (`user_id`),
  KEY `idx_created_at` (`created_at`),
  KEY `idx_growth_type` (`growth_type`),
  CONSTRAINT `growth_records_ibfk_1` FOREIGN KEY (`member_id`) REFERENCES `members` (`id`) ON DELETE CASCADE,
  CONSTRAINT `growth_records_ibfk_2` FOREIGN KEY (`user_id`) REFERENCES `users` (`id`) ON DELETE CASCADE
) ENGINE=InnoDB AUTO_INCREMENT=38 DEFAULT CHARSET=utf8mb4 COLLATE=utf8mb4_unicode_ci COMMENT='成长值记录表';
/*!40101 SET character_set_client = @saved_cs_client */;

--
-- Dumping data for table `growth_records`
--

LOCK TABLES `growth_records` WRITE;
/*!40000 ALTER TABLE `growth_records` DISABLE KEYS */;
INSERT INTO `growth_records` VALUES (1,2,1,10,'DAILY_LOGIN','每日登录奖励',NULL,'2025-11-03 07:08:48'),(2,2,1,5,'AI_CHAT','完成AI咨询',NULL,'2025-11-03 07:08:48'),(3,2,1,10,'DAILY_LOGIN','每日登录奖励',NULL,'2025-11-05 07:08:48'),(4,2,1,10,'DAILY_LOGIN','每日登录奖励',NULL,'2025-11-07 07:08:48'),(5,2,1,5,'AI_CHAT','完成AI咨询',NULL,'2025-11-07 07:08:48'),(6,2,1,10,'DAILY_LOGIN','每日登录奖励',NULL,'2025-11-08 07:08:48'),(7,2,1,50,'INVITE_REGISTER','邀请好友注册',NULL,'2025-11-08 07:08:48'),(8,2,1,10,'DAILY_LOGIN','每日登录奖励',NULL,'2025-11-10 07:08:48'),(9,2,1,10,'DAILY_LOGIN','每日登录奖励',NULL,'2025-11-11 07:08:48'),(10,2,1,5,'AI_CHAT','完成AI咨询',NULL,'2025-11-11 07:08:48'),(11,2,1,10,'DAILY_LOGIN','每日登录奖励',NULL,'2025-11-13 07:08:48'),(12,2,1,5,'FOOD_RECORD','添加饮食记录',NULL,'2025-11-13 07:08:48'),(13,2,1,10,'DAILY_LOGIN','每日登录奖励',NULL,'2025-11-15 07:08:48'),(14,2,1,5,'AI_CHAT','完成AI咨询',NULL,'2025-11-15 07:08:48'),(15,2,1,10,'DAILY_LOGIN','每日登录奖励',NULL,'2025-11-17 07:08:48'),(16,2,1,10,'DAILY_LOGIN','每日登录奖励',NULL,'2025-11-18 07:08:48'),(17,2,1,50,'INVITE_REGISTER','邀请好友注册',NULL,'2025-11-18 07:08:48'),(18,2,1,10,'DAILY_LOGIN','每日登录奖励',NULL,'2025-11-19 07:08:48'),(19,2,1,5,'AI_CHAT','完成AI咨询',NULL,'2025-11-19 07:08:48'),(20,2,1,10,'DAILY_LOGIN','每日登录奖励',NULL,'2025-11-21 07:08:48'),(21,2,1,5,'FOOD_RECORD','添加饮食记录',NULL,'2025-11-21 07:08:48'),(22,2,1,10,'DAILY_LOGIN','每日登录奖励',NULL,'2025-11-23 07:08:48'),(23,2,1,10,'DAILY_LOGIN','每日登录奖励',NULL,'2025-11-25 07:08:48'),(24,2,1,5,'AI_CHAT','完成AI咨询',NULL,'2025-11-25 07:08:48'),(25,2,1,10,'DAILY_LOGIN','每日登录奖励',NULL,'2025-11-26 07:08:48'),(26,2,1,50,'INVITE_ACTIVE','邀请好友激活',NULL,'2025-11-26 07:08:48'),(27,2,1,10,'DAILY_LOGIN','每日登录奖励',NULL,'2025-11-28 07:08:48'),(28,2,1,5,'AI_CHAT','完成AI咨询',NULL,'2025-11-28 07:08:48'),(29,2,1,10,'DAILY_LOGIN','每日登录奖励',NULL,'2025-11-29 07:08:48'),(30,2,1,10,'DAILY_LOGIN','每日登录奖励',NULL,'2025-11-30 07:08:48'),(31,2,1,5,'FOOD_RECORD','添加饮食记录',NULL,'2025-11-30 07:08:48'),(32,2,1,10,'DAILY_LOGIN','每日登录奖励',NULL,'2025-12-01 07:08:48'),(33,2,1,5,'AI_CHAT','完成AI咨询',NULL,'2025-12-01 07:08:48'),(34,2,1,10,'DAILY_LOGIN','每日登录奖励',NULL,'2025-12-02 07:08:48'),(35,2,1,10,'DAILY_LOGIN','每日登录奖励',NULL,'2025-12-03 07:08:48'),(36,2,1,5,'AI_CHAT','完成AI咨询',NULL,'2025-12-03 07:08:48'),(37,2,1,0,'LEVEL_UP','升级到青铜会员',NULL,'2025-12-03 07:31:15');
/*!40000 ALTER TABLE `growth_records` ENABLE KEYS */;
UNLOCK TABLES;

--
-- Table structure for table `invitations`
--

DROP TABLE IF EXISTS `invitations`;
/*!40101 SET @saved_cs_client     = @@character_set_client */;
/*!50503 SET character_set_client = utf8mb4 */;
CREATE TABLE `invitations` (
  `id` bigint NOT NULL AUTO_INCREMENT COMMENT '邀请ID',
  `inviter_id` bigint NOT NULL COMMENT '邀请人ID',
  `invitee_id` bigint DEFAULT NULL COMMENT '被邀请人ID',
  `invitation_code` varchar(20) COLLATE utf8mb4_unicode_ci NOT NULL COMMENT '邀请码',
  `status` varchar(20) COLLATE utf8mb4_unicode_ci DEFAULT 'PENDING' COMMENT '状态: PENDING, ACCEPTED, EXPIRED',
  `invited_at` timestamp NULL DEFAULT CURRENT_TIMESTAMP COMMENT '邀请时间',
  `accepted_at` timestamp NULL DEFAULT NULL COMMENT '接受时间',
  `reward_growth` int DEFAULT '0' COMMENT '奖励成长值',
  `is_rewarded` tinyint(1) DEFAULT '0' COMMENT '是否已发放奖励',
  PRIMARY KEY (`id`),
  KEY `idx_inviter_id` (`inviter_id`),
  KEY `idx_invitee_id` (`invitee_id`),
  KEY `idx_invitation_code` (`invitation_code`),
  KEY `idx_status` (`status`),
  CONSTRAINT `invitations_ibfk_1` FOREIGN KEY (`inviter_id`) REFERENCES `users` (`id`) ON DELETE CASCADE,
  CONSTRAINT `invitations_ibfk_2` FOREIGN KEY (`invitee_id`) REFERENCES `users` (`id`) ON DELETE SET NULL
) ENGINE=InnoDB AUTO_INCREMENT=4 DEFAULT CHARSET=utf8mb4 COLLATE=utf8mb4_unicode_ci COMMENT='邀请记录表';
/*!40101 SET character_set_client = @saved_cs_client */;

--
-- Dumping data for table `invitations`
--

LOCK TABLES `invitations` WRITE;
/*!40000 ALTER TABLE `invitations` DISABLE KEYS */;
INSERT INTO `invitations` VALUES (1,1,3,'INV000001dfd585','ACCEPTED','2025-11-08 07:08:48','2025-11-08 07:08:48',50,1),(2,1,4,'INV000001dfd585','ACCEPTED','2025-11-18 07:08:48','2025-11-18 07:08:48',50,1),(3,1,5,'INV000001dfd585','ACCEPTED','2025-11-26 07:08:48','2025-11-26 07:08:48',50,1);
/*!40000 ALTER TABLE `invitations` ENABLE KEYS */;
UNLOCK TABLES;

--
-- Table structure for table `member_levels`
--

DROP TABLE IF EXISTS `member_levels`;
/*!40101 SET @saved_cs_client     = @@character_set_client */;
/*!50503 SET character_set_client = utf8mb4 */;
CREATE TABLE `member_levels` (
  `id` bigint NOT NULL AUTO_INCREMENT COMMENT '等级ID',
  `level_code` varchar(20) COLLATE utf8mb4_unicode_ci NOT NULL COMMENT '等级代码',
  `level_name` varchar(50) COLLATE utf8mb4_unicode_ci NOT NULL COMMENT '等级名称',
  `level_order` int NOT NULL COMMENT '等级顺序',
  `growth_required` int NOT NULL COMMENT '所需成长值',
  `benefits` json DEFAULT NULL COMMENT '权益配置',
  `icon_url` varchar(255) COLLATE utf8mb4_unicode_ci DEFAULT NULL COMMENT '等级图标',
  `color` varchar(20) COLLATE utf8mb4_unicode_ci DEFAULT NULL COMMENT '等级颜色',
  `created_at` timestamp NULL DEFAULT CURRENT_TIMESTAMP COMMENT '创建时间',
  `updated_at` timestamp NULL DEFAULT CURRENT_TIMESTAMP ON UPDATE CURRENT_TIMESTAMP COMMENT '更新时间',
  PRIMARY KEY (`id`),
  UNIQUE KEY `level_code` (`level_code`)
) ENGINE=InnoDB AUTO_INCREMENT=12 DEFAULT CHARSET=utf8mb4 COLLATE=utf8mb4_unicode_ci COMMENT='会员等级配置表';
/*!40101 SET character_set_client = @saved_cs_client */;

--
-- Dumping data for table `member_levels`
--

LOCK TABLES `member_levels` WRITE;
/*!40000 ALTER TABLE `member_levels` DISABLE KEYS */;
INSERT INTO `member_levels` VALUES (1,'ROOKIE','新手会员',1,0,'{\"features\": [\"基础营养记录\", \"AI咨询(3次/天)\", \"基础数据分析\"], \"maxAiQueries\": 3, \"maxFoodRecords\": 10}','/icons/level-rookie.png','#95a5a6','2025-12-03 04:09:27','2025-12-03 04:09:27'),(2,'BRONZE','青铜会员',2,100,'{\"features\": [\"营养记录无限\", \"AI咨询(10次/天)\", \"高级数据分析\", \"自定义目标\"], \"maxAiQueries\": 10, \"maxFoodRecords\": -1}','/icons/level-bronze.png','#cd7f32','2025-12-03 04:09:27','2025-12-03 04:09:27'),(3,'SILVER','白银会员',3,500,'{\"features\": [\"所有青铜权益\", \"AI咨询(30次/天)\", \"专属营养报告\", \"优先客服\"], \"maxAiQueries\": 30, \"maxFoodRecords\": -1}','/icons/level-silver.png','#c0c0c0','2025-12-03 04:09:27','2025-12-03 04:09:27'),(4,'GOLD','黄金会员',4,2000,'{\"features\": [\"所有白银权益\", \"AI咨询无限\", \"个性化食谱\", \"健康顾问\", \"数据导出\"], \"maxAiQueries\": -1, \"maxFoodRecords\": -1}','/icons/level-gold.png','#ffd700','2025-12-03 04:09:27','2025-12-03 04:09:27'),(5,'PLATINUM','铂金会员',5,5000,'{\"features\": [\"所有黄金权益\", \"专属营养师\", \"线下活动\", \"合作商家折扣\", \"终身成长值加成\"], \"growthBonus\": 1.5, \"maxAiQueries\": -1, \"maxFoodRecords\": -1}','/icons/level-platinum.png','#e5e4e2','2025-12-03 04:09:27','2025-12-03 04:09:27');
/*!40000 ALTER TABLE `member_levels` ENABLE KEYS */;
UNLOCK TABLES;

--
-- Table structure for table `members`
--

DROP TABLE IF EXISTS `members`;
/*!40101 SET @saved_cs_client     = @@character_set_client */;
/*!50503 SET character_set_client = utf8mb4 */;
CREATE TABLE `members` (
  `id` bigint NOT NULL AUTO_INCREMENT COMMENT '会员ID',
  `user_id` bigint NOT NULL COMMENT '用户ID',
  `level_id` bigint NOT NULL COMMENT '当前等级ID',
  `total_growth` int DEFAULT '0' COMMENT '总成长值',
  `current_growth` int DEFAULT '0' COMMENT '当前等级成长值',
  `invitation_code` varchar(20) COLLATE utf8mb4_unicode_ci NOT NULL COMMENT '邀请码',
  `invited_by` bigint DEFAULT NULL COMMENT '邀请人ID',
  `invitation_count` int DEFAULT '0' COMMENT '邀请人数',
  `is_active` tinyint(1) DEFAULT '1' COMMENT '是否激活',
  `activated_at` timestamp NULL DEFAULT NULL COMMENT '激活时间',
  `expire_at` timestamp NULL DEFAULT NULL COMMENT '过期时间',
  `created_at` timestamp NULL DEFAULT CURRENT_TIMESTAMP COMMENT '创建时间',
  `updated_at` timestamp NULL DEFAULT CURRENT_TIMESTAMP ON UPDATE CURRENT_TIMESTAMP COMMENT '更新时间',
  PRIMARY KEY (`id`),
  UNIQUE KEY `user_id` (`user_id`),
  UNIQUE KEY `invitation_code` (`invitation_code`),
  KEY `level_id` (`level_id`),
  KEY `idx_user_id` (`user_id`),
  KEY `idx_invitation_code` (`invitation_code`),
  KEY `idx_invited_by` (`invited_by`),
  CONSTRAINT `members_ibfk_1` FOREIGN KEY (`user_id`) REFERENCES `users` (`id`) ON DELETE CASCADE,
  CONSTRAINT `members_ibfk_2` FOREIGN KEY (`level_id`) REFERENCES `member_levels` (`id`),
  CONSTRAINT `members_ibfk_3` FOREIGN KEY (`invited_by`) REFERENCES `users` (`id`) ON DELETE SET NULL
) ENGINE=InnoDB AUTO_INCREMENT=7 DEFAULT CHARSET=utf8mb4 COLLATE=utf8mb4_unicode_ci COMMENT='会员信息表';
/*!40101 SET character_set_client = @saved_cs_client */;

--
-- Dumping data for table `members`
--

LOCK TABLES `members` WRITE;
/*!40000 ALTER TABLE `members` DISABLE KEYS */;
INSERT INTO `members` VALUES (1,2,1,0,0,'INV00000224d36a',NULL,0,1,NULL,NULL,'2025-12-03 04:09:27','2025-12-03 04:09:27'),(2,1,2,420,320,'INV000001dfd585',NULL,3,1,NULL,NULL,'2025-12-03 04:09:27','2025-12-03 07:31:15'),(4,3,1,0,0,'INV000003T1',1,0,1,'2025-11-08 07:08:48',NULL,'2025-11-08 07:08:48','2025-12-03 07:08:48'),(5,4,1,0,0,'INV000004T2',1,0,1,'2025-11-18 07:08:48',NULL,'2025-11-18 07:08:48','2025-12-03 07:08:48'),(6,5,1,0,0,'INV000005T3',1,0,1,'2025-11-26 07:08:48',NULL,'2025-11-26 07:08:48','2025-12-03 07:08:48');
/*!40000 ALTER TABLE `members` ENABLE KEYS */;
UNLOCK TABLES;

--
-- Table structure for table `memberships`
--

DROP TABLE IF EXISTS `memberships`;
/*!40101 SET @saved_cs_client     = @@character_set_client */;
/*!50503 SET character_set_client = utf8mb4 */;
CREATE TABLE `memberships` (
  `id` bigint NOT NULL AUTO_INCREMENT COMMENT '会员ID',
  `user_id` bigint NOT NULL COMMENT '用户ID',
  `level` enum('free','silver','gold') COLLATE utf8mb4_unicode_ci NOT NULL DEFAULT 'free' COMMENT '会员等级',
  `growth_points` int NOT NULL DEFAULT '0' COMMENT '成长值',
  `expire_date` date DEFAULT NULL COMMENT '会员到期日期',
  `ai_quota_used` int NOT NULL DEFAULT '0' COMMENT '今日已使用AI次数',
  `ai_quota_total` int NOT NULL DEFAULT '3' COMMENT '今日AI总配额',
  `last_quota_reset_date` date DEFAULT NULL COMMENT '配额重置日期',
  `invite_code` varchar(20) COLLATE utf8mb4_unicode_ci DEFAULT NULL COMMENT '邀请码',
  `invited_by` bigint DEFAULT NULL COMMENT '邀请人ID',
  `created_at` datetime NOT NULL DEFAULT CURRENT_TIMESTAMP COMMENT '创建时间',
  `updated_at` datetime NOT NULL DEFAULT CURRENT_TIMESTAMP ON UPDATE CURRENT_TIMESTAMP COMMENT '更新时间',
  PRIMARY KEY (`id`),
  UNIQUE KEY `uk_user_id` (`user_id`),
  UNIQUE KEY `uk_invite_code` (`invite_code`),
  KEY `idx_level` (`level`),
  KEY `idx_growth_points` (`growth_points`),
  KEY `idx_invited_by` (`invited_by`),
  CONSTRAINT `fk_membership_user` FOREIGN KEY (`user_id`) REFERENCES `users` (`id`) ON DELETE CASCADE
) ENGINE=InnoDB DEFAULT CHARSET=utf8mb4 COLLATE=utf8mb4_unicode_ci COMMENT='会员信息表';
/*!40101 SET character_set_client = @saved_cs_client */;

--
-- Dumping data for table `memberships`
--

LOCK TABLES `memberships` WRITE;
/*!40000 ALTER TABLE `memberships` DISABLE KEYS */;
/*!40000 ALTER TABLE `memberships` ENABLE KEYS */;
UNLOCK TABLES;

--
-- Table structure for table `nutrition_data`
--

DROP TABLE IF EXISTS `nutrition_data`;
/*!40101 SET @saved_cs_client     = @@character_set_client */;
/*!50503 SET character_set_client = utf8mb4 */;
CREATE TABLE `nutrition_data` (
  `id` bigint NOT NULL AUTO_INCREMENT COMMENT '食物ID',
  `food_name` varchar(100) COLLATE utf8mb4_unicode_ci NOT NULL COMMENT '食物名称',
  `food_name_en` varchar(100) COLLATE utf8mb4_unicode_ci DEFAULT NULL COMMENT '英文名称',
  `category` varchar(50) COLLATE utf8mb4_unicode_ci NOT NULL COMMENT '食物分类',
  `serving_size` varchar(50) COLLATE utf8mb4_unicode_ci NOT NULL COMMENT '标准份量',
  `calories` decimal(8,2) NOT NULL COMMENT '热量（kcal/100g）',
  `protein` decimal(8,2) NOT NULL COMMENT '蛋白质（g/100g）',
  `carbs` decimal(8,2) NOT NULL COMMENT '碳水化合物（g/100g）',
  `fat` decimal(8,2) NOT NULL COMMENT '脂肪（g/100g）',
  `fiber` decimal(8,2) DEFAULT NULL COMMENT '膳食纤维（g/100g）',
  `sodium` decimal(8,2) DEFAULT NULL COMMENT '钠（mg/100g）',
  `vitamin_c` decimal(8,2) DEFAULT NULL COMMENT '维生素C（mg/100g）',
  `calcium` decimal(8,2) DEFAULT NULL COMMENT '钙（mg/100g）',
  `iron` decimal(8,2) DEFAULT NULL COMMENT '铁（mg/100g）',
  `image_url` varchar(255) COLLATE utf8mb4_unicode_ci DEFAULT NULL COMMENT '食物图片URL',
  `description` text COLLATE utf8mb4_unicode_ci COMMENT '食物描述',
  `common_allergens` json DEFAULT NULL COMMENT '常见过敏源（JSON数组）',
  `source` varchar(50) COLLATE utf8mb4_unicode_ci DEFAULT 'manual' COMMENT '数据来源',
  `created_at` datetime NOT NULL DEFAULT CURRENT_TIMESTAMP COMMENT '创建时间',
  `updated_at` datetime NOT NULL DEFAULT CURRENT_TIMESTAMP ON UPDATE CURRENT_TIMESTAMP COMMENT '更新时间',
  PRIMARY KEY (`id`),
  KEY `idx_food_name` (`food_name`),
  KEY `idx_category` (`category`),
  KEY `idx_calories` (`calories`),
  FULLTEXT KEY `ft_food_name` (`food_name`,`food_name_en`)
) ENGINE=InnoDB AUTO_INCREMENT=13 DEFAULT CHARSET=utf8mb4 COLLATE=utf8mb4_unicode_ci COMMENT='食物营养数据表';
/*!40101 SET character_set_client = @saved_cs_client */;

--
-- Dumping data for table `nutrition_data`
--

LOCK TABLES `nutrition_data` WRITE;
/*!40000 ALTER TABLE `nutrition_data` DISABLE KEYS */;
INSERT INTO `nutrition_data` VALUES (1,'米饭','Rice','谷物类','100g',116.00,2.60,25.90,0.30,NULL,NULL,NULL,NULL,NULL,NULL,NULL,NULL,'manual','2025-12-02 15:51:27','2025-12-02 15:51:27'),(2,'全麦面包','Whole Wheat Bread','谷物类','100g',247.00,13.20,41.30,3.40,NULL,NULL,NULL,NULL,NULL,NULL,NULL,NULL,'manual','2025-12-02 15:51:27','2025-12-02 15:51:27'),(3,'鸡胸肉','Chicken Breast','肉类','100g',165.00,31.00,0.00,3.60,NULL,NULL,NULL,NULL,NULL,NULL,NULL,NULL,'manual','2025-12-02 15:51:27','2025-12-02 15:51:27'),(4,'牛肉','Beef','肉类','100g',250.00,26.00,0.00,15.00,NULL,NULL,NULL,NULL,NULL,NULL,NULL,NULL,'manual','2025-12-02 15:51:27','2025-12-02 15:51:27'),(5,'三文鱼','Salmon','水产类','100g',208.00,20.00,0.00,13.00,NULL,NULL,NULL,NULL,NULL,NULL,NULL,NULL,'manual','2025-12-02 15:51:27','2025-12-02 15:51:27'),(6,'鸡蛋','Egg','蛋奶类','1个（50g）',72.00,6.30,0.40,4.80,NULL,NULL,NULL,NULL,NULL,NULL,NULL,NULL,'manual','2025-12-02 15:51:27','2025-12-02 15:51:27'),(7,'牛奶','Milk','蛋奶类','100ml',54.00,3.00,5.00,3.20,NULL,NULL,NULL,NULL,NULL,NULL,NULL,NULL,'manual','2025-12-02 15:51:27','2025-12-02 15:51:27'),(8,'西蓝花','Broccoli','蔬菜类','100g',34.00,2.80,7.00,0.40,NULL,NULL,NULL,NULL,NULL,NULL,NULL,NULL,'manual','2025-12-02 15:51:27','2025-12-02 15:51:27'),(9,'苹果','Apple','水果类','100g',52.00,0.30,14.00,0.20,NULL,NULL,NULL,NULL,NULL,NULL,NULL,NULL,'manual','2025-12-02 15:51:27','2025-12-02 15:51:27'),(10,'香蕉','Banana','水果类','100g',89.00,1.10,23.00,0.30,NULL,NULL,NULL,NULL,NULL,NULL,NULL,NULL,'manual','2025-12-02 15:51:27','2025-12-02 15:51:27'),(11,'豆腐','Tofu','豆制品','100g',76.00,8.10,1.90,4.20,NULL,NULL,NULL,NULL,NULL,NULL,NULL,NULL,'manual','2025-12-02 15:51:27','2025-12-02 15:51:27'),(12,'核桃','Walnut','坚果类','100g',654.00,15.20,13.70,65.20,NULL,NULL,NULL,NULL,NULL,NULL,NULL,NULL,'manual','2025-12-02 15:51:27','2025-12-02 15:51:27');
/*!40000 ALTER TABLE `nutrition_data` ENABLE KEYS */;
UNLOCK TABLES;

--
-- Table structure for table `operation_logs`
--

DROP TABLE IF EXISTS `operation_logs`;
/*!40101 SET @saved_cs_client     = @@character_set_client */;
/*!50503 SET character_set_client = utf8mb4 */;
CREATE TABLE `operation_logs` (
  `id` bigint NOT NULL AUTO_INCREMENT COMMENT '日志ID',
  `user_id` bigint DEFAULT NULL COMMENT '用户ID',
  `operation` varchar(50) COLLATE utf8mb4_unicode_ci NOT NULL COMMENT '操作类型',
  `module` varchar(50) COLLATE utf8mb4_unicode_ci NOT NULL COMMENT '模块名称',
  `method` varchar(100) COLLATE utf8mb4_unicode_ci DEFAULT NULL COMMENT '方法名',
  `params` text COLLATE utf8mb4_unicode_ci COMMENT '请求参数',
  `result` text COLLATE utf8mb4_unicode_ci COMMENT '返回结果',
  `ip_address` varchar(50) COLLATE utf8mb4_unicode_ci DEFAULT NULL COMMENT 'IP地址',
  `user_agent` varchar(255) COLLATE utf8mb4_unicode_ci DEFAULT NULL COMMENT 'User Agent',
  `status` enum('success','failure') COLLATE utf8mb4_unicode_ci NOT NULL DEFAULT 'success' COMMENT '操作状态',
  `error_message` text COLLATE utf8mb4_unicode_ci COMMENT '错误信息',
  `execution_time` int DEFAULT NULL COMMENT '执行时间（ms）',
  `created_at` datetime NOT NULL DEFAULT CURRENT_TIMESTAMP COMMENT '创建时间',
  PRIMARY KEY (`id`),
  KEY `idx_user_id` (`user_id`),
  KEY `idx_operation` (`operation`),
  KEY `idx_status` (`status`),
  KEY `idx_created_at` (`created_at`)
) ENGINE=InnoDB DEFAULT CHARSET=utf8mb4 COLLATE=utf8mb4_unicode_ci COMMENT='操作日志表';
/*!40101 SET character_set_client = @saved_cs_client */;

--
-- Dumping data for table `operation_logs`
--

LOCK TABLES `operation_logs` WRITE;
/*!40000 ALTER TABLE `operation_logs` DISABLE KEYS */;
/*!40000 ALTER TABLE `operation_logs` ENABLE KEYS */;
UNLOCK TABLES;

--
-- Table structure for table `system_configs`
--

DROP TABLE IF EXISTS `system_configs`;
/*!40101 SET @saved_cs_client     = @@character_set_client */;
/*!50503 SET character_set_client = utf8mb4 */;
CREATE TABLE `system_configs` (
  `id` bigint NOT NULL AUTO_INCREMENT COMMENT '配置ID',
  `config_key` varchar(100) COLLATE utf8mb4_unicode_ci NOT NULL COMMENT '配置键',
  `config_value` text COLLATE utf8mb4_unicode_ci NOT NULL COMMENT '配置值',
  `config_type` enum('string','number','boolean','json') COLLATE utf8mb4_unicode_ci NOT NULL DEFAULT 'string' COMMENT '配置类型',
  `description` varchar(255) COLLATE utf8mb4_unicode_ci DEFAULT NULL COMMENT '配置描述',
  `is_public` tinyint(1) NOT NULL DEFAULT '0' COMMENT '是否公开',
  `created_at` datetime NOT NULL DEFAULT CURRENT_TIMESTAMP COMMENT '创建时间',
  `updated_at` datetime NOT NULL DEFAULT CURRENT_TIMESTAMP ON UPDATE CURRENT_TIMESTAMP COMMENT '更新时间',
  PRIMARY KEY (`id`),
  UNIQUE KEY `uk_config_key` (`config_key`)
) ENGINE=InnoDB AUTO_INCREMENT=8 DEFAULT CHARSET=utf8mb4 COLLATE=utf8mb4_unicode_ci COMMENT='系统配置表';
/*!40101 SET character_set_client = @saved_cs_client */;

--
-- Dumping data for table `system_configs`
--

LOCK TABLES `system_configs` WRITE;
/*!40000 ALTER TABLE `system_configs` DISABLE KEYS */;
INSERT INTO `system_configs` VALUES (1,'system.name','AI健康饮食规划助手','string','系统名称',1,'2025-12-02 15:51:27','2025-12-02 15:51:27'),(2,'system.version','1.0.0','string','系统版本',1,'2025-12-02 15:51:27','2025-12-02 15:51:27'),(3,'ai.daily_free_quota','3','number','普通用户每日AI咨询次数',1,'2025-12-02 15:51:27','2025-12-02 15:51:27'),(4,'ai.silver_quota','10','number','白银会员每日AI咨询次数',1,'2025-12-02 15:51:27','2025-12-02 15:51:27'),(5,'ai.gold_quota','20','number','黄金会员每日AI咨询次数',1,'2025-12-02 15:51:27','2025-12-02 15:51:27'),(6,'growth.upgrade_silver','100','number','升级白银会员所需成长值',1,'2025-12-02 15:51:27','2025-12-02 15:51:27'),(7,'growth.upgrade_gold','300','number','升级黄金会员所需成长值',1,'2025-12-02 15:51:27','2025-12-02 15:51:27');
/*!40000 ALTER TABLE `system_configs` ENABLE KEYS */;
UNLOCK TABLES;

--
-- Table structure for table `user_profiles`
--

DROP TABLE IF EXISTS `user_profiles`;
/*!40101 SET @saved_cs_client     = @@character_set_client */;
/*!50503 SET character_set_client = utf8mb4 */;
CREATE TABLE `user_profiles` (
  `id` bigint NOT NULL AUTO_INCREMENT COMMENT '档案ID',
  `user_id` bigint NOT NULL COMMENT '用户ID',
  `gender` enum('male','female','other') COLLATE utf8mb4_unicode_ci DEFAULT NULL COMMENT '性别',
  `birth_date` date DEFAULT NULL COMMENT '出生日期',
  `height` decimal(5,2) DEFAULT NULL COMMENT '身高（cm）',
  `weight` decimal(5,2) DEFAULT NULL COMMENT '体重（kg）',
  `bmi` decimal(5,2) DEFAULT NULL COMMENT 'BMI指数',
  `health_goal` enum('lose_weight','gain_muscle','maintain','improve_health') COLLATE utf8mb4_unicode_ci DEFAULT 'maintain' COMMENT '健康目标',
  `activity_level` enum('sedentary','light','moderate','active','very_active') COLLATE utf8mb4_unicode_ci DEFAULT 'moderate' COMMENT '活动水平',
  `allergies` json DEFAULT NULL COMMENT '过敏源列表（JSON数组）',
  `dietary_restrictions` json DEFAULT NULL COMMENT '饮食限制（JSON数组）',
  `medical_conditions` text COLLATE utf8mb4_unicode_ci COMMENT '健康状况说明',
  `daily_calorie_target` int DEFAULT NULL COMMENT '每日热量目标（kcal）',
  `daily_protein_target` int DEFAULT NULL COMMENT '每日蛋白质目标（g）',
  `created_at` datetime NOT NULL DEFAULT CURRENT_TIMESTAMP COMMENT '创建时间',
  `updated_at` datetime NOT NULL DEFAULT CURRENT_TIMESTAMP ON UPDATE CURRENT_TIMESTAMP COMMENT '更新时间',
  PRIMARY KEY (`id`),
  UNIQUE KEY `uk_user_id` (`user_id`),
  KEY `idx_health_goal` (`health_goal`),
  KEY `idx_bmi` (`bmi`),
  CONSTRAINT `fk_profile_user` FOREIGN KEY (`user_id`) REFERENCES `users` (`id`) ON DELETE CASCADE
) ENGINE=InnoDB DEFAULT CHARSET=utf8mb4 COLLATE=utf8mb4_unicode_ci COMMENT='用户健康档案表';
/*!40101 SET character_set_client = @saved_cs_client */;

--
-- Dumping data for table `user_profiles`
--

LOCK TABLES `user_profiles` WRITE;
/*!40000 ALTER TABLE `user_profiles` DISABLE KEYS */;
/*!40000 ALTER TABLE `user_profiles` ENABLE KEYS */;
UNLOCK TABLES;

--
-- Table structure for table `users`
--

DROP TABLE IF EXISTS `users`;
/*!40101 SET @saved_cs_client     = @@character_set_client */;
/*!50503 SET character_set_client = utf8mb4 */;
CREATE TABLE `users` (
  `id` bigint NOT NULL AUTO_INCREMENT COMMENT '用户ID',
  `username` varchar(50) COLLATE utf8mb4_unicode_ci NOT NULL COMMENT '用户名',
  `password` varchar(100) COLLATE utf8mb4_unicode_ci NOT NULL COMMENT '密码（BCrypt加密）',
  `email` varchar(100) COLLATE utf8mb4_unicode_ci DEFAULT NULL COMMENT '邮箱',
  `phone` varchar(20) COLLATE utf8mb4_unicode_ci DEFAULT NULL COMMENT '手机号',
  `avatar` varchar(255) COLLATE utf8mb4_unicode_ci DEFAULT NULL COMMENT '头像URL',
  `nickname` varchar(50) COLLATE utf8mb4_unicode_ci DEFAULT NULL COMMENT '昵称',
  `role` enum('USER','ADMIN','SUPER_ADMIN') COLLATE utf8mb4_unicode_ci NOT NULL DEFAULT 'USER',
  `status` enum('ACTIVE','INACTIVE','BANNED') COLLATE utf8mb4_unicode_ci NOT NULL DEFAULT 'ACTIVE',
  `last_login_time` datetime DEFAULT NULL COMMENT '最后登录时间',
  `last_login_ip` varchar(50) COLLATE utf8mb4_unicode_ci DEFAULT NULL COMMENT '最后登录IP',
  `created_at` datetime NOT NULL DEFAULT CURRENT_TIMESTAMP COMMENT '创建时间',
  `updated_at` datetime NOT NULL DEFAULT CURRENT_TIMESTAMP ON UPDATE CURRENT_TIMESTAMP COMMENT '更新时间',
  PRIMARY KEY (`id`),
  UNIQUE KEY `uk_username` (`username`),
  UNIQUE KEY `uk_email` (`email`),
  UNIQUE KEY `uk_phone` (`phone`),
  KEY `idx_role` (`role`),
  KEY `idx_status` (`status`),
  KEY `idx_created_at` (`created_at`)
) ENGINE=InnoDB AUTO_INCREMENT=6 DEFAULT CHARSET=utf8mb4 COLLATE=utf8mb4_unicode_ci COMMENT='用户基础表';
/*!40101 SET character_set_client = @saved_cs_client */;

--
-- Dumping data for table `users`
--

LOCK TABLES `users` WRITE;
/*!40000 ALTER TABLE `users` DISABLE KEYS */;
INSERT INTO `users` VALUES (1,'admin','$2a$10$N7TG/HHY9rfCcY5/eX6rDu6BN.eFsSwsC2dvwwJQqb/e4UPpjp02a','admin@nutriai.com',NULL,'http://localhost:8080/api/uploads/avatars/avatar_1e5c41e4-921e-4284-a421-f004055bb85a.jpg','admin','SUPER_ADMIN','ACTIVE','2025-12-05 22:18:14','0:0:0:0:0:0:0:1','2025-12-02 15:51:27','2025-12-05 22:18:14'),(2,'Test','$2a$10$/1pN0SqTPUHocMLkstR6VeYYfURqzLoH1ZTqduYxnoi1G8sBEtIHu','Test@qq.com',NULL,NULL,'Test','USER','ACTIVE','2025-12-02 20:06:15','0:0:0:0:0:0:0:1','2025-12-02 19:55:43','2025-12-02 20:06:15'),(3,'test_user1','$2a$10$N.zmdr9k7uOCQb376NoUnuTJ8iAt6Z58QRVa7G4G7.MU8QlHb14m6','test1@example.com',NULL,NULL,NULL,'USER','ACTIVE',NULL,NULL,'2025-11-08 15:08:48','2025-11-08 15:08:48'),(4,'test_user2','$2a$10$N.zmdr9k7uOCQb376NoUnuTJ8iAt6Z58QRVa7G4G7.MU8QlHb14m6','test2@example.com',NULL,NULL,NULL,'USER','ACTIVE',NULL,NULL,'2025-11-18 15:08:48','2025-11-18 15:08:48'),(5,'test_user3','$2a$10$N.zmdr9k7uOCQb376NoUnuTJ8iAt6Z58QRVa7G4G7.MU8QlHb14m6','test3@example.com',NULL,NULL,NULL,'USER','ACTIVE',NULL,NULL,'2025-11-26 15:08:48','2025-11-26 15:08:48');
/*!40000 ALTER TABLE `users` ENABLE KEYS */;
UNLOCK TABLES;

--
-- Temporary view structure for view `v_food_category_stats`
--

DROP TABLE IF EXISTS `v_food_category_stats`;
/*!50001 DROP VIEW IF EXISTS `v_food_category_stats`*/;
SET @saved_cs_client     = @@character_set_client;
/*!50503 SET character_set_client = utf8mb4 */;
/*!50001 CREATE VIEW `v_food_category_stats` AS SELECT 
 1 AS `id`,
 1 AS `category_code`,
 1 AS `category_name`,
 1 AS `level`,
 1 AS `food_count`*/;
SET character_set_client = @saved_cs_client;

--
-- Final view structure for view `v_food_category_stats`
--

/*!50001 DROP VIEW IF EXISTS `v_food_category_stats`*/;
/*!50001 SET @saved_cs_client          = @@character_set_client */;
/*!50001 SET @saved_cs_results         = @@character_set_results */;
/*!50001 SET @saved_col_connection     = @@collation_connection */;
/*!50001 SET character_set_client      = utf8mb4 */;
/*!50001 SET character_set_results     = utf8mb4 */;
/*!50001 SET collation_connection      = utf8mb4_0900_ai_ci */;
/*!50001 CREATE ALGORITHM=UNDEFINED */
/*!50013 DEFINER=`root`@`localhost` SQL SECURITY DEFINER */
/*!50001 VIEW `v_food_category_stats` AS select `fc`.`id` AS `id`,`fc`.`category_code` AS `category_code`,`fc`.`category_name` AS `category_name`,`fc`.`level` AS `level`,count(`fn`.`id`) AS `food_count` from (`food_category` `fc` left join `food_nutrition` `fn` on((`fn`.`category_id` = `fc`.`id`))) group by `fc`.`id`,`fc`.`category_code`,`fc`.`category_name`,`fc`.`level` order by `fc`.`level`,`fc`.`sort_order` */;
/*!50001 SET character_set_client      = @saved_cs_client */;
/*!50001 SET character_set_results     = @saved_cs_results */;
/*!50001 SET collation_connection      = @saved_col_connection */;
/*!40103 SET TIME_ZONE=@OLD_TIME_ZONE */;

/*!40101 SET SQL_MODE=@OLD_SQL_MODE */;
/*!40014 SET FOREIGN_KEY_CHECKS=@OLD_FOREIGN_KEY_CHECKS */;
/*!40014 SET UNIQUE_CHECKS=@OLD_UNIQUE_CHECKS */;
/*!40101 SET CHARACTER_SET_CLIENT=@OLD_CHARACTER_SET_CLIENT */;
/*!40101 SET CHARACTER_SET_RESULTS=@OLD_CHARACTER_SET_RESULTS */;
/*!40101 SET COLLATION_CONNECTION=@OLD_COLLATION_CONNECTION */;
/*!40111 SET SQL_NOTES=@OLD_SQL_NOTES */;

-- Dump completed on 2025-12-05 22:38:39
